{
    "companyName": "(재)천주교서울대교구",
    "headCount": 70,
    "salary": {
        "allAvg": 3438,
        "newcomerAvg": null,
        "unit": "만원"
    },
    "category": [
        "공기업",
        "공공기관"
    ],
    "employeeRatio": {},
    "totalSales": {
        "value": null,
        "unit": "백만원"
    },
    "likes": 102,
    "benefits": {},
    "logo": "(재)천주교서울대교구(로고없음).jpg",
    "majorCategory": [
        "기타·공공"
    ]
}