{
    "companyName": "(재)전자통관국제협력재단",
    "headCount": 65,
    "salary": {
        "allAvg": 5359,
        "newcomerAvg": null,
        "unit": "만원"
    },
    "category": [
        "솔루션",
        "SI",
        "CRM",
        "ERP"
    ],
    "employeeRatio": {},
    "totalSales": {
        "value": 67500,
        "unit": "백만원"
    },
    "likes": 518,
    "benefits": {},
    "logo": "(재)전자통관국제협력재단.jpg",
    "majorCategory": [
        "IT·디지털 및 소프트웨어"
    ]
}