{
    "companyName": "(재)서울문화재단",
    "headCount": 233,
    "salary": {
        "allAvg": 4696,
        "newcomerAvg": null,
        "unit": "만원"
    },
    "category": [
        "공기업",
        "공공기관"
    ],
    "employeeRatio": {},
    "totalSales": {
        "value": 48020,
        "unit": "백만원"
    },
    "likes": 2444,
    "benefits": {},
    "logo": "(재)서울문화재단.jpg",
    "majorCategory": [
        "기타·공공"
    ]
}