{
    "companyName": "(유)앤서스랩코리아",
    "headCount": 400,
    "salary": {
        "allAvg": 4657,
        "newcomerAvg": null,
        "unit": "만원"
    },
    "category": [
        "게임",
        "애니메이션"
    ],
    "employeeRatio": {},
    "totalSales": {
        "value": 72100,
        "unit": "백만원"
    },
    "likes": 562,
    "benefits": {},
    "logo": "(유)앤서스랩코리아.jpg",
    "majorCategory": [
        "미디어·엔터테인먼트·문화"
    ]
}