{
    "companyName": "(의) 케이씨엘의료재",
    "headCount": 235,
    "salary": {
        "allAvg": 3234,
        "newcomerAvg": 3104,
        "unit": "만원"
    },
    "category": [
        "제약",
        "보건",
        "바이오"
    ],
    "employeeRatio": {},
    "totalSales": {
        "value": 60700,
        "unit": "백만원"
    },
    "likes": 481,
    "benefits": {},
    "logo": "(의) 케이씨엘의료재.jpg",
    "majorCategory": [
        "의료·보건·복지"
    ]
}