{
    "companyName": "(재)KATRI시험연구원",
    "headCount": 350,
    "salary": {
        "allAvg": 5311,
        "newcomerAvg": 2400,
        "unit": "만원"
    },
    "category": [
        "공기업",
        "공공기관"
    ],
    "employeeRatio": {},
    "totalSales": {
        "value": 61829,
        "unit": "백만원"
    },
    "likes": 615,
    "benefits": {},
    "logo": "(재)KATRI시험연구원.gif",
    "majorCategory": [
        "기타·공공"
    ]
}