{
    "companyName": "(재)네이버 커넥트",
    "headCount": 30,
    "salary": {
        "allAvg": 4204,
        "newcomerAvg": 3400,
        "unit": "만원"
    },
    "category": [
        "포털",
        "컨텐츠",
        "커뮤니티"
    ],
    "employeeRatio": {},
    "totalSales": {
        "value": 9120,
        "unit": "백만원"
    },
    "likes": 1267,
    "benefits": {
        "title": "복리후생",
        "sections": [
            {
                "head": "연금·보험",
                "body": [
                    "국민연금",
                    "고용보험",
                    "산재보험",
                    "건강보험",
                    "상해보험"
                ]
            },
            {
                "head": "휴무·휴가·행사",
                "body": [
                    "주5일제",
                    "연차제도",
                    "월차제도",
                    "경조휴가",
                    "반차제도",
                    "포상휴가",
                    "출산휴가",
                    "육아휴직",
                    "남성출산휴가",
                    "보건휴가",
                    "창립일 휴무",
                    "노동절 휴무",
                    "창립일 행사"
                ]
            },
            {
                "head": "보상·수당·지원",
                "body": [
                    "퇴직금",
                    "경조금",
                    "인센티브",
                    "장기근속 포상",
                    "가족 의료비 지원",
                    "임직원 교육비",
                    "자기개발 지원",
                    "야간근로수당",
                    "휴일근로수당",
                    "연월차제도수당",
                    "주차 지원",
                    "성과급",
                    "임직원 할인"
                ]
            },
            {
                "head": "사내제도·성장",
                "body": [
                    "신입 사원 교육",
                    "직무능력향상교육"
                ]
            },
            {
                "head": "사내시설",
                "body": [
                    "휴식공간",
                    "카페테리아",
                    "사내도서관",
                    "주차장",
                    "수면실",
                    "여성전용휴게실",
                    "수유실",
                    "흡연공간",
                    "장애인용 주차장",
                    "장애인용 승강기",
                    "장애인용 화장실",
                    "건물내 경사로",
                    "휠체어용 난간"
                ]
            },
            {
                "head": "편의·여가·건강",
                "body": [
                    "건강검진"
                ]
            }
        ]
    },
    "logo": "(재)네이버 커넥트.png",
    "majorCategory": [
        "인터넷·커뮤니티·포털·디지털 컨텐츠"
    ]
}