{
    "companyName": ")대한감정평가법인",
    "headCount": 460,
    "salary": {
        "allAvg": 4727,
        "newcomerAvg": null,
        "unit": "만원"
    },
    "category": [
        "부동산",
        "중개",
        "임대"
    ],
    "employeeRatio": {},
    "totalSales": {
        "value": 64529,
        "unit": "백만원"
    },
    "likes": 126,
    "benefits": {},
    "logo": ")대한감정평가법인.gif",
    "majorCategory": [
        "건설·부동산·인테리어"
    ]
}