{
    "companyName": ")종로아카데미",
    "headCount": 223,
    "salary": {
        "allAvg": 3632,
        "newcomerAvg": null,
        "unit": "만원"
    },
    "category": [
        "학원",
        "어학원",
        "교육원"
    ],
    "employeeRatio": {},
    "totalSales": {
        "value": 46890,
        "unit": "백만원"
    },
    "likes": 635,
    "benefits": {},
    "logo": ")종로아카데미.png",
    "majorCategory": [
        "교육·연구"
    ]
}