{
    "companyName": ")파이온텍",
    "headCount": null,
    "salary": {
        "allAvg": 4079,
        "newcomerAvg": 2800,
        "unit": "만원"
    },
    "category": [
        "제약",
        "보건",
        "바이오"
    ],
    "employeeRatio": {},
    "totalSales": {
        "value": null,
        "unit": "백만원"
    },
    "likes": null,
    "benefits": {},
    "logo": ")파이온텍(로고없음).jpg",
    "majorCategory": [
        "의료·보건·복지"
    ]
}