{
    "companyName": "111퍼센트",
    "headCount": 120,
    "salary": {
        "allAvg": 3687,
        "newcomerAvg": 3800,
        "unit": "만원"
    },
    "category": [
        "게임",
        "애니메이션"
    ],
    "employeeRatio": {},
    "totalSales": {
        "value": 32160,
        "unit": "백만원"
    },
    "likes": 408,
    "benefits": {},
    "logo": "111퍼센트.png",
    "majorCategory": [
        "미디어·엔터테인먼트·문화"
    ]
}