{
    "companyName": "AJ 네트웍스",
    "headCount": 500,
    "salary": {
        "allAvg": 6267,
        "newcomerAvg": 3900,
        "unit": "만원"
    },
    "category": [
        "렌탈",
        "임대",
        "리스"
    ],
    "employeeRatio": {
        "male": 67,
        "female": 33
    },
    "totalSales": {
        "value": 49620,
        "unit": "백만원"
    },
    "likes": 2331,
    "benefits": {
        "title": "복리후생",
        "sections": [
            {
                "head": "연금·보험",
                "body": [
                    "국민연금",
                    "고용보험",
                    "산재보험",
                    "건강보험"
                ]
            },
            {
                "head": "휴무·휴가·행사",
                "body": [
                    "주5일제"
                ]
            },
            {
                "head": "보상·수당·지원",
                "body": [
                    "장기근속 포상",
                    "우수사원 포상제도",
                    "각종 수당"
                ]
            },
            {
                "head": "편의·여가·건강",
                "body": [
                    "건강검진",
                    "휴양시설"
                ]
            }
        ]
    },
    "logo": "AJ 네트웍스.jpg",
    "majorCategory": [
        "금융·보험",
        "건설·부동산·인테리어"
    ]
}