{
    "companyName": "CJ ENM",
    "headCount": 3614,
    "salary": {
        "allAvg": 8241,
        "newcomerAvg": 3516,
        "unit": "만원"
    },
    "category": [
        "방송",
        "케이블",
        "프로덕션"
    ],
    "employeeRatio": {
        "male": 39,
        "female": 61
    },
    "totalSales": {
        "value": 2039500,
        "unit": "백만원"
    },
    "likes": 6934,
    "benefits": {},
    "logo": "CJ ENM.png",
    "majorCategory": [
        "미디어·엔터테인먼트·문화"
    ]
}