{
    "companyName": "CJ제일제당",
    "headCount": 8385,
    "salary": {
        "allAvg": 7414,
        "newcomerAvg": 3667,
        "unit": "만원"
    },
    "category": [
        "음식료",
        "외식",
        "프랜차이즈"
    ],
    "employeeRatio": {
        "male": 71,
        "female": 29
    },
    "totalSales": {
        "value": 7047000,
        "unit": "백만원"
    },
    "likes": 16432,
    "benefits": {},
    "logo": "CJ제일제당.jpg",
    "majorCategory": [
        "유통·소매·물류",
        "숙박·여행·외식·레저"
    ]
}