{
    "companyName": "D&O",
    "headCount": 408,
    "salary": {
        "allAvg": 5279,
        "newcomerAvg": 2787,
        "unit": "만원"
    },
    "category": [
        "호텔",
        "여행",
        "항공"
    ],
    "employeeRatio": {
        "male": 78,
        "female": 22
    },
    "totalSales": {
        "value": 10820,
        "unit": "백만원"
    },
    "likes": 6284,
    "benefits": {},
    "logo": "D&O.jpg",
    "majorCategory": [
        "운송·정비·서비스",
        "숙박·여행·외식·레저"
    ]
}