{
    "companyName": "DB하이텍",
    "headCount": 1971,
    "salary": {
        "allAvg": 8986,
        "newcomerAvg": 3766,
        "unit": "만원"
    },
    "category": [
        "반도체",
        "디스플레이",
        "광학"
    ],
    "employeeRatio": {
        "male": 53,
        "female": 47
    },
    "totalSales": {
        "value": 1063200,
        "unit": "백만원"
    },
    "likes": 6998,
    "benefits": {
        "title": "복리후생",
        "sections": [
            {
                "head": "연금·보험",
                "body": [
                    "국민연금",
                    "고용보험",
                    "산재보험",
                    "건강보험"
                ]
            },
            {
                "head": "휴무·휴가·행사",
                "body": [
                    "주5일제",
                    "연차제도",
                    "경조휴가",
                    "반차제도",
                    "리프레시 휴가",
                    "워크샵/MT"
                ]
            },
            {
                "head": "보상·수당·지원",
                "body": [
                    "야간근로수당"
                ]
            },
            {
                "head": "사내시설",
                "body": [
                    "구내식당",
                    "휴식공간",
                    "헬스시설",
                    "카페테리아",
                    "의무실",
                    "주차장",
                    "수유실",
                    "샤워실"
                ]
            },
            {
                "head": "편의·여가·건강",
                "body": [
                    "사내 동호회",
                    "출퇴근 셔틀버스",
                    "건강검진",
                    "휴양시설"
                ]
            }
        ]
    },
    "logo": "DB하이텍.png",
    "majorCategory": [
        "제조·기계·산업"
    ]
}