{
    "companyName": "DB손해보험",
    "headCount": 4633,
    "salary": {
        "allAvg": 9219,
        "newcomerAvg": 6150,
        "unit": "만원"
    },
    "category": [
        "증권",
        "보험",
        "카드"
    ],
    "employeeRatio": {
        "male": 42,
        "female": 58
    },
    "totalSales": {
        "value": 17000000,
        "unit": "백만원"
    },
    "likes": 3399,
    "benefits": {},
    "logo": "DB손해보험.gif",
    "majorCategory": [
        "금융·보험"
    ]
}