{
    "companyName": "DSR",
    "headCount": 1200,
    "salary": {
        "allAvg": 8947,
        "newcomerAvg": 4269,
        "unit": "만원"
    },
    "category": [
        "섬유",
        "의류",
        "패션"
    ],
    "employeeRatio": {
        "male": 85,
        "female": 15
    },
    "totalSales": {
        "value": 61200,
        "unit": "백만원"
    },
    "likes": 452,
    "benefits": {},
    "logo": "DSR.JPG",
    "majorCategory": [
        "제조·기계·산업",
        "유통·소매·물류"
    ]
}