{
    "companyName": "ES큐브",
    "headCount": 32,
    "salary": {
        "allAvg": 5503,
        "newcomerAvg": null,
        "unit": "만원"
    },
    "category": [
        "섬유",
        "의류",
        "패션"
    ],
    "employeeRatio": {
        "male": 82,
        "female": 18
    },
    "totalSales": {
        "value": 42490,
        "unit": "백만원"
    },
    "likes": 235,
    "benefits": {},
    "logo": "ES큐브(로고없음).jpg",
    "majorCategory": [
        "제조·기계·산업",
        "유통·소매·물류"
    ]
}