{
    "companyName": "GC케어",
    "headCount": 330,
    "salary": {
        "allAvg": 4005,
        "newcomerAvg": 2400,
        "unit": "만원"
    },
    "category": [
        "모바일",
        "APP"
    ],
    "employeeRatio": {},
    "totalSales": {
        "value": 100600,
        "unit": "백만원"
    },
    "likes": 1603,
    "benefits": {
        "title": "복리후생",
        "sections": [
            {
                "head": "연금·보험",
                "body": [
                    "국민연금",
                    "고용보험",
                    "산재보험",
                    "건강보험"
                ]
            },
            {
                "head": "휴무·휴가·행사",
                "body": [
                    "주5일제",
                    "연차제도",
                    "정기휴가",
                    "노동절 휴무"
                ]
            },
            {
                "head": "보상·수당·지원",
                "body": [
                    "우수사원 포상제도",
                    "각종 기념일 선물",
                    "임직원 할인"
                ]
            },
            {
                "head": "사내시설",
                "body": [
                    "휴식공간",
                    "여성전용휴게실"
                ]
            },
            {
                "head": "편의·여가·건강",
                "body": [
                    "건강검진",
                    "근무복 지원",
                    "휴양시설"
                ]
            }
        ]
    },
    "logo": "GC케어.gif",
    "majorCategory": [
        "IT·디지털 및 소프트웨어"
    ]
}