{
    "companyName": "GfK리테일앤테크놀로지코리아리미티드",
    "headCount": 75,
    "salary": {
        "allAvg": 5871,
        "newcomerAvg": null,
        "unit": "만원"
    },
    "category": [
        "컨설팅",
        "연구",
        "조사"
    ],
    "employeeRatio": {},
    "totalSales": {
        "value": 18040,
        "unit": "백만원"
    },
    "likes": 396,
    "benefits": {},
    "logo": "GfK리테일앤테크놀로지코리아리미티드.jpg",
    "majorCategory": [
        "교육·연구",
        "광고·마케팅 및 전문서비스"
    ]
}