{
    "companyName": "GS리테일",
    "headCount": 8000,
    "salary": {
        "allAvg": 4568,
        "newcomerAvg": 3872,
        "unit": "만원"
    },
    "category": [
        "백화점",
        "유통",
        "도소매"
    ],
    "employeeRatio": {},
    "totalSales": {
        "value": 10000000,
        "unit": "백만원"
    },
    "likes": 22418,
    "benefits": {
        "title": "복리후생",
        "sections": [
            {
                "head": "연금·보험",
                "body": [
                    "국민연금",
                    "고용보험",
                    "산재보험",
                    "건강보험"
                ]
            },
            {
                "head": "휴무·휴가·행사",
                "body": [
                    "연차제도",
                    "경조휴가",
                    "반차제도",
                    "리프레시 휴가",
                    "가족 돌봄 정책"
                ]
            },
            {
                "head": "보상·수당·지원",
                "body": [
                    "경조금",
                    "가족 의료비 지원",
                    "보육수당",
                    "임직원 할인"
                ]
            },
            {
                "head": "사내시설",
                "body": [
                    "구내식당",
                    "휴식공간",
                    "카페테리아",
                    "의무실"
                ]
            },
            {
                "head": "편의·여가·건강",
                "body": [
                    "사내 동호회",
                    "출퇴근 셔틀버스",
                    "건강검진",
                    "휴양시설",
                    "의료비",
                    "코로나 지원"
                ]
            }
        ]
    },
    "logo": "GS리테일.jpg",
    "majorCategory": [
        "유통·소매·물류"
    ]
}