{
    "companyName": "HC컴퍼니",
    "headCount": 291,
    "salary": {
        "allAvg": 3234,
        "newcomerAvg": null,
        "unit": "만원"
    },
    "category": [
        "백화점",
        "유통",
        "도소매"
    ],
    "employeeRatio": {},
    "totalSales": {
        "value": 64350,
        "unit": "백만원"
    },
    "likes": 293,
    "benefits": {},
    "logo": "HC컴퍼니.PNG",
    "majorCategory": [
        "유통·소매·물류"
    ]
}