{
    "companyName": "KB캐피탈",
    "headCount": 676,
    "salary": {
        "allAvg": 10341,
        "newcomerAvg": 3183,
        "unit": "만원"
    },
    "category": [
        "캐피탈",
        "대출"
    ],
    "employeeRatio": {
        "male": 58,
        "female": 42
    },
    "totalSales": {
        "value": 2064900,
        "unit": "백만원"
    },
    "likes": 2855,
    "benefits": {},
    "logo": "KB캐피탈.jpg",
    "majorCategory": [
        "금융·보험"
    ]
}