{
    "companyName": "KB라이프생명보험",
    "headCount": 710,
    "salary": {
        "allAvg": 8976,
        "newcomerAvg": 3460,
        "unit": "만원"
    },
    "category": [
        "증권",
        "보험",
        "카드"
    ],
    "employeeRatio": {
        "male": 50,
        "female": 50
    },
    "totalSales": {
        "value": 2008700,
        "unit": "백만원"
    },
    "likes": 652,
    "benefits": {},
    "logo": "KB라이프생명보험.png",
    "majorCategory": [
        "금융·보험"
    ]
}