{
    "companyName": "LF",
    "headCount": 982,
    "salary": {
        "allAvg": 8258,
        "newcomerAvg": 3117,
        "unit": "만원"
    },
    "category": [
        "섬유",
        "의류",
        "패션"
    ],
    "employeeRatio": {
        "male": 36,
        "female": 64
    },
    "totalSales": {
        "value": 1072500,
        "unit": "백만원"
    },
    "likes": 10928,
    "benefits": {
        "title": "복리후생",
        "sections": [
            {
                "head": "연금·보험",
                "body": [
                    "국민연금",
                    "고용보험",
                    "산재보험",
                    "건강보험"
                ]
            },
            {
                "head": "휴무·휴가·행사",
                "body": [
                    "경조휴가"
                ]
            },
            {
                "head": "보상·수당·지원",
                "body": [
                    "성과급"
                ]
            }
        ]
    },
    "logo": "LF.JPG",
    "majorCategory": [
        "제조·기계·산업",
        "유통·소매·물류"
    ]
}