{
    "companyName": "LG CNS",
    "headCount": 6930,
    "salary": {
        "allAvg": 11117,
        "newcomerAvg": 5400,
        "unit": "만원"
    },
    "category": [
        "컴퓨터",
        "하드웨어",
        "장비"
    ],
    "employeeRatio": {
        "male": 74,
        "female": 26
    },
    "totalSales": {
        "value": 5012600,
        "unit": "백만원"
    },
    "likes": 9660,
    "benefits": {},
    "logo": "LG CNS.jpg",
    "majorCategory": [
        "IT·디지털 및 소프트웨어",
        "제조·기계·산업"
    ]
}