{
    "companyName": "LG",
    "headCount": 179,
    "salary": {
        "allAvg": 19031,
        "newcomerAvg": 3360,
        "unit": "만원"
    },
    "category": [
        "자동차",
        "조선",
        "철강",
        "항공"
    ],
    "employeeRatio": {
        "male": 77,
        "female": 23
    },
    "totalSales": {
        "value": 1030500,
        "unit": "백만원"
    },
    "likes": 1333,
    "benefits": {},
    "logo": "LG.gif",
    "majorCategory": [
        "제조·기계·산업",
        "운송·정비·서비스"
    ]
}