{
    "companyName": "LG유플러스",
    "headCount": 10627,
    "salary": {
        "allAvg": 9960,
        "newcomerAvg": 2951,
        "unit": "만원"
    },
    "category": [
        "네트워크",
        "통신서비스"
    ],
    "employeeRatio": {
        "male": 79,
        "female": 21
    },
    "totalSales": {
        "value": 13000000,
        "unit": "백만원"
    },
    "likes": 3475,
    "benefits": {},
    "logo": "LG유플러스.jpg",
    "majorCategory": [
        "IT·디지털 및 소프트웨어"
    ]
}