{
    "companyName": "LG화학",
    "headCount": 14302,
    "salary": {
        "allAvg": 11677,
        "newcomerAvg": 3681,
        "unit": "만원"
    },
    "category": [
        "화학",
        "에너지",
        "환경"
    ],
    "employeeRatio": {
        "male": 84,
        "female": 16
    },
    "totalSales": {
        "value": 19000000,
        "unit": "백만원"
    },
    "likes": 17692,
    "benefits": {},
    "logo": "LG화학.gif",
    "majorCategory": [
        "제조·기계·산업"
    ]
}