{
    "companyName": "LX하우시스",
    "headCount": 2850,
    "salary": {
        "allAvg": 8810,
        "newcomerAvg": 4050,
        "unit": "만원"
    },
    "category": [
        "인테리어",
        "자재"
    ],
    "employeeRatio": {
        "male": 86,
        "female": 14
    },
    "totalSales": {
        "value": 3056100,
        "unit": "백만원"
    },
    "likes": 4867,
    "benefits": {},
    "logo": "LX하우시스.gif",
    "majorCategory": [
        "제조·기계·산업",
        "건설·부동산·인테리어"
    ]
}