{
    "companyName": "M캐피탈",
    "headCount": 205,
    "salary": {
        "allAvg": 9658,
        "newcomerAvg": null,
        "unit": "만원"
    },
    "category": [
        "캐피탈",
        "대출"
    ],
    "employeeRatio": {
        "male": 71,
        "female": 29
    },
    "totalSales": {
        "value": 96490,
        "unit": "백만원"
    },
    "likes": 140,
    "benefits": {
        "title": "복리후생",
        "sections": [
            {
                "head": "연금·보험",
                "body": [
                    "국민연금",
                    "고용보험",
                    "산재보험",
                    "건강보험"
                ]
            },
            {
                "head": "휴무·휴가·행사",
                "body": [
                    "주5일제",
                    "정기휴가",
                    "경조휴가"
                ]
            },
            {
                "head": "보상·수당·지원",
                "body": [
                    "경조금",
                    "자녀교육비",
                    "사내대출",
                    "각종 기념일 선물"
                ]
            },
            {
                "head": "편의·여가·건강",
                "body": [
                    "사내 동호회",
                    "건강검진",
                    "휴양시설"
                ]
            }
        ]
    },
    "logo": "M캐피탈.jpg",
    "majorCategory": [
        "금융·보험"
    ]
}