{
    "companyName": "NAVER I&S",
    "headCount": 150,
    "salary": {
        "allAvg": 6567,
        "newcomerAvg": 2800,
        "unit": "만원"
    },
    "category": [
        "포털",
        "컨텐츠",
        "커뮤니티"
    ],
    "employeeRatio": {},
    "totalSales": {
        "value": 19540,
        "unit": "백만원"
    },
    "likes": 9265,
    "benefits": {},
    "logo": "NAVER I&S.png",
    "majorCategory": [
        "인터넷·커뮤니티·포털·디지털 컨텐츠"
    ]
}