{
    "companyName": "NHN여행박사",
    "headCount": 130,
    "salary": {
        "allAvg": 3770,
        "newcomerAvg": 2983,
        "unit": "만원"
    },
    "category": [
        "호텔",
        "여행",
        "항공"
    ],
    "employeeRatio": {},
    "totalSales": {
        "value": 0,
        "unit": "백만원"
    },
    "likes": 3980,
    "benefits": {
        "title": "복리후생",
        "sections": [
            {
                "head": "연금·보험",
                "body": [
                    "국민연금",
                    "고용보험",
                    "산재보험",
                    "건강보험",
                    "퇴직연금"
                ]
            },
            {
                "head": "휴무·휴가·행사",
                "body": [
                    "연차제도",
                    "경조휴가",
                    "반차제도",
                    "출산휴가",
                    "육아휴직",
                    "창립일 휴무",
                    "워크샵/MT",
                    "반반차 제도"
                ]
            },
            {
                "head": "보상·수당·지원",
                "body": [
                    "퇴직금",
                    "경조금",
                    "명절선물/명절상여",
                    "임직원 할인",
                    "임신/출산 지원"
                ]
            },
            {
                "head": "사내제도·성장",
                "body": [
                    "유연근무제",
                    "임산부 근로시간 단축",
                    "자율복장"
                ]
            },
            {
                "head": "사내시설",
                "body": [
                    "장애인용 승강기",
                    "장애인용 화장실",
                    "전용사옥"
                ]
            },
            {
                "head": "편의·여가·건강",
                "body": [
                    "아침 식사 지원"
                ]
            }
        ]
    },
    "logo": "NHN여행박사.png",
    "majorCategory": [
        "운송·정비·서비스",
        "숙박·여행·외식·레저"
    ]
}