{
    "companyName": "NHN벅스",
    "headCount": 125,
    "salary": {
        "allAvg": 4851,
        "newcomerAvg": 3100,
        "unit": "만원"
    },
    "category": [
        "포털",
        "컨텐츠",
        "커뮤니티"
    ],
    "employeeRatio": {
        "male": 44,
        "female": 56
    },
    "totalSales": {
        "value": 89600,
        "unit": "백만원"
    },
    "likes": 2726,
    "benefits": {
        "title": "복리후생",
        "sections": [
            {
                "head": "연금·보험",
                "body": [
                    "국민연금",
                    "고용보험",
                    "산재보험",
                    "건강보험",
                    "퇴직연금",
                    "상해보험"
                ]
            },
            {
                "head": "휴무·휴가·행사",
                "body": [
                    "주5일제",
                    "경조휴가",
                    "반차제도",
                    "리프레시 휴가",
                    "출산휴가",
                    "창립일 휴무",
                    "패밀리데이"
                ]
            },
            {
                "head": "보상·수당·지원",
                "body": [
                    "경조금",
                    "인센티브",
                    "사내대출",
                    "장기근속 포상",
                    "가족 의료비 지원",
                    "명절선물/명절상여",
                    "도서 구입비 지원",
                    "웰컴키트"
                ]
            },
            {
                "head": "사내제도·성장",
                "body": [
                    "유연근무제",
                    "임산부 근로시간 단축",
                    "자율복장",
                    "주40시간"
                ]
            },
            {
                "head": "사내시설",
                "body": [
                    "휴식공간",
                    "쾌적한 업무공간"
                ]
            },
            {
                "head": "편의·여가·건강",
                "body": [
                    "사내 동호회",
                    "건강검진",
                    "점심 식사 지원",
                    "아침 식사 지원",
                    "휴양시설"
                ]
            }
        ]
    },
    "logo": "NHN벅스.png",
    "majorCategory": [
        "인터넷·커뮤니티·포털·디지털 컨텐츠"
    ]
}