{
    "companyName": "NH농협은행",
    "headCount": 16143,
    "salary": {
        "allAvg": 6627,
        "newcomerAvg": 2760,
        "unit": "만원"
    },
    "category": [
        "은행",
        "금융"
    ],
    "employeeRatio": {},
    "totalSales": {
        "value": 21000000,
        "unit": "백만원"
    },
    "likes": 7302,
    "benefits": {
        "title": "복리후생",
        "sections": [
            {
                "head": "연금·보험",
                "body": [
                    "국민연금",
                    "고용보험",
                    "산재보험",
                    "건강보험"
                ]
            }
        ]
    },
    "logo": "NH농협은행.jpg",
    "majorCategory": [
        "금융·보험"
    ]
}