{
    "companyName": "PUMA KOREA Ltd.",
    "headCount": 100,
    "salary": {
        "allAvg": 5305,
        "newcomerAvg": 3600,
        "unit": "만원"
    },
    "category": [
        "백화점",
        "유통",
        "도소매"
    ],
    "employeeRatio": {},
    "totalSales": {
        "value": null,
        "unit": "백만원"
    },
    "likes": 875,
    "benefits": {},
    "logo": "PUMA KOREA Ltd..JPG",
    "majorCategory": [
        "유통·소매·물류"
    ]
}