{
    "companyName": "SFA반도체",
    "headCount": 700,
    "salary": {
        "allAvg": 5461,
        "newcomerAvg": 4400,
        "unit": "만원"
    },
    "category": [
        "반도체",
        "디스플레이",
        "광학"
    ],
    "employeeRatio": {
        "male": 58,
        "female": 42
    },
    "totalSales": {
        "value": 9250,
        "unit": "백만원"
    },
    "likes": 3610,
    "benefits": {},
    "logo": "SFA반도체.gif",
    "majorCategory": [
        "제조·기계·산업"
    ]
}