{
    "companyName": "SGA",
    "headCount": 300,
    "salary": {
        "allAvg": 3312,
        "newcomerAvg": 3489,
        "unit": "만원"
    },
    "category": [
        "정보보안"
    ],
    "employeeRatio": {
        "male": 74,
        "female": 26
    },
    "totalSales": {
        "value": 0,
        "unit": "백만원"
    },
    "likes": 295,
    "benefits": {},
    "logo": "SGA.jpg",
    "majorCategory": [
        "IT·디지털 및 소프트웨어"
    ]
}