{
    "companyName": "SK C&C",
    "headCount": 4316,
    "salary": {
        "allAvg": 11517,
        "newcomerAvg": 3850,
        "unit": "만원"
    },
    "category": [
        "솔루션",
        "SI",
        "CRM",
        "ERP"
    ],
    "employeeRatio": {
        "male": 77,
        "female": 23
    },
    "totalSales": {
        "value": 4037000,
        "unit": "백만원"
    },
    "likes": 2885,
    "benefits": {},
    "logo": "SK C&C.gif",
    "majorCategory": [
        "IT·디지털 및 소프트웨어"
    ]
}