{
    "companyName": "SK텔레콤",
    "headCount": 5741,
    "salary": {
        "allAvg": 15152,
        "newcomerAvg": 3100,
        "unit": "만원"
    },
    "category": [
        "네트워크",
        "통신서비스"
    ],
    "employeeRatio": {
        "male": 78,
        "female": 22
    },
    "totalSales": {
        "value": 12000000,
        "unit": "백만원"
    },
    "likes": 5095,
    "benefits": {},
    "logo": "SK텔레콤.gif",
    "majorCategory": [
        "IT·디지털 및 소프트웨어"
    ]
}