{
    "companyName": "SK네트웍스",
    "headCount": 1633,
    "salary": {
        "allAvg": 6913,
        "newcomerAvg": 3200,
        "unit": "만원"
    },
    "category": [
        "무역",
        "상사"
    ],
    "employeeRatio": {
        "male": 63,
        "female": 37
    },
    "totalSales": {
        "value": 6088500,
        "unit": "백만원"
    },
    "likes": 5087,
    "benefits": {
        "title": "복리후생",
        "sections": [
            {
                "head": "연금·보험",
                "body": [
                    "국민연금",
                    "고용보험",
                    "산재보험",
                    "건강보험"
                ]
            }
        ]
    },
    "logo": "SK네트웍스.jpg",
    "majorCategory": [
        "기타·공공",
        "유통·소매·물류"
    ]
}