{
    "companyName": "SK네트웍스서비스",
    "headCount": 701,
    "salary": {
        "allAvg": 6407,
        "newcomerAvg": 5000,
        "unit": "만원"
    },
    "category": [
        "네트워크",
        "통신서비스"
    ],
    "employeeRatio": {},
    "totalSales": {
        "value": 87730,
        "unit": "백만원"
    },
    "likes": 1256,
    "benefits": {
        "title": "복리후생",
        "sections": [
            {
                "head": "연금·보험",
                "body": [
                    "국민연금",
                    "고용보험",
                    "산재보험",
                    "건강보험"
                ]
            }
        ]
    },
    "logo": "SK네트웍스서비스.png",
    "majorCategory": [
        "IT·디지털 및 소프트웨어"
    ]
}