{
    "companyName": "SK에코플랜트",
    "headCount": 4847,
    "salary": {
        "allAvg": 10302,
        "newcomerAvg": 6300,
        "unit": "만원"
    },
    "category": [
        "건설",
        "시공",
        "토목",
        "조경"
    ],
    "employeeRatio": {
        "male": 85,
        "female": 15
    },
    "totalSales": {
        "value": 7000000,
        "unit": "백만원"
    },
    "likes": 4953,
    "benefits": {},
    "logo": "SK에코플랜트.gif",
    "majorCategory": [
        "건설·부동산·인테리어"
    ]
}