{
    "companyName": "SK플래닛",
    "headCount": 695,
    "salary": {
        "allAvg": 6923,
        "newcomerAvg": 4800,
        "unit": "만원"
    },
    "category": [
        "솔루션",
        "SI",
        "CRM",
        "ERP"
    ],
    "employeeRatio": {},
    "totalSales": {
        "value": 86380,
        "unit": "백만원"
    },
    "likes": 961,
    "benefits": {},
    "logo": "SK플래닛.jpg",
    "majorCategory": [
        "IT·디지털 및 소프트웨어"
    ]
}