{
    "companyName": "SK가스",
    "headCount": 614,
    "salary": {
        "allAvg": 11123,
        "newcomerAvg": 3500,
        "unit": "만원"
    },
    "category": [
        "화학",
        "에너지",
        "환경"
    ],
    "employeeRatio": {
        "male": 77,
        "female": 23
    },
    "totalSales": {
        "value": 5090000,
        "unit": "백만원"
    },
    "likes": 2007,
    "benefits": {},
    "logo": "SK가스.gif",
    "majorCategory": [
        "제조·기계·산업"
    ]
}