{
    "companyName": "SUN&L",
    "headCount": 557,
    "salary": {
        "allAvg": 5096,
        "newcomerAvg": 3600,
        "unit": "만원"
    },
    "category": [
        "목재",
        "제지",
        "가구"
    ],
    "employeeRatio": {
        "male": 68,
        "female": 32
    },
    "totalSales": {
        "value": 465300,
        "unit": "백만원"
    },
    "likes": 539,
    "benefits": {
        "title": "복리후생",
        "sections": [
            {
                "head": "연금·보험",
                "body": [
                    "국민연금",
                    "고용보험",
                    "산재보험",
                    "건강보험",
                    "퇴직연금"
                ]
            },
            {
                "head": "휴무·휴가·행사",
                "body": [
                    "연차제도",
                    "경조휴가",
                    "출산휴가",
                    "육아휴직",
                    "남성출산휴가",
                    "창립일 휴무",
                    "노동절 휴무"
                ]
            },
            {
                "head": "보상·수당·지원",
                "body": [
                    "퇴직금",
                    "자녀교육비",
                    "장기근속 포상",
                    "직책수당",
                    "자격증 수당",
                    "가족수당",
                    "명절선물/명절상여",
                    "각종 기념일 선물"
                ]
            },
            {
                "head": "사내시설",
                "body": [
                    "기숙사 지원",
                    "구내식당"
                ]
            },
            {
                "head": "편의·여가·건강",
                "body": [
                    "사내 동호회",
                    "건강검진",
                    "근무복 지원"
                ]
            }
        ]
    },
    "logo": "SUN&L.gif",
    "majorCategory": [
        "제조·기계·산업",
        "유통·소매·물류"
    ]
}