{
    "companyName": "㈔한국녹색기후기술원",
    "headCount": 100,
    "salary": {
        "allAvg": 4574,
        "newcomerAvg": 4100,
        "unit": "만원"
    },
    "category": [
        "협회",
        "단체"
    ],
    "employeeRatio": {},
    "totalSales": {
        "value": 15200,
        "unit": "백만원"
    },
    "likes": 535,
    "benefits": {},
    "logo": "㈔한국녹색기후기술원.png",
    "majorCategory": [
        "기타·공공"
    ]
}