{
    "companyName": "나이스디앤비",
    "headCount": 293,
    "salary": {
        "allAvg": 6779,
        "newcomerAvg": 2760,
        "unit": "만원"
    },
    "category": [
        "은행",
        "금융"
    ],
    "employeeRatio": {
        "male": 52,
        "female": 48
    },
    "totalSales": {
        "value": 57679,
        "unit": "백만원"
    },
    "likes": 56,
    "benefits": {},
    "logo": "나이스디앤비.jpg",
    "majorCategory": [
        "금융·보험"
    ]
}