{
    "companyName": "나이스신용평가",
    "headCount": 155,
    "salary": {
        "allAvg": 6775,
        "newcomerAvg": null,
        "unit": "만원"
    },
    "category": [
        "컨설팅",
        "연구",
        "조사"
    ],
    "employeeRatio": {},
    "totalSales": {
        "value": 45190,
        "unit": "백만원"
    },
    "likes": 248,
    "benefits": {},
    "logo": "나이스신용평가.gif",
    "majorCategory": [
        "교육·연구",
        "광고·마케팅 및 전문서비스"
    ]
}