{
    "companyName": "나라소프트",
    "headCount": 20,
    "salary": {
        "allAvg": 5174,
        "newcomerAvg": null,
        "unit": "만원"
    },
    "category": [
        "솔루션",
        "SI",
        "CRM",
        "ERP"
    ],
    "employeeRatio": {
        "male": 33,
        "female": 67
    },
    "totalSales": {
        "value": 3000,
        "unit": "백만원"
    },
    "likes": 55,
    "benefits": {},
    "logo": "나라소프트.gif",
    "majorCategory": [
        "IT·디지털 및 소프트웨어"
    ]
}