{
    "companyName": "날개물류",
    "headCount": 137,
    "salary": {
        "allAvg": 3433,
        "newcomerAvg": 2160,
        "unit": "만원"
    },
    "category": [
        "물류",
        "운송",
        "배송"
    ],
    "employeeRatio": {},
    "totalSales": {
        "value": 16840,
        "unit": "백만원"
    },
    "likes": 254,
    "benefits": {},
    "logo": "날개물류.gif",
    "majorCategory": [
        "운송·정비·서비스",
        "유통·소매·물류"
    ]
}