{
    "companyName": "나라컨트롤",
    "headCount": 85,
    "salary": {
        "allAvg": 5022,
        "newcomerAvg": 3600,
        "unit": "만원"
    },
    "category": [
        "전기",
        "전자",
        "제어"
    ],
    "employeeRatio": {},
    "totalSales": {
        "value": 18150,
        "unit": "백만원"
    },
    "likes": 299,
    "benefits": {},
    "logo": "나라컨트롤.jpg",
    "majorCategory": [
        "제조·기계·산업"
    ]
}