{
    "companyName": "나온소프트",
    "headCount": 170,
    "salary": {
        "allAvg": 4990,
        "newcomerAvg": null,
        "unit": "만원"
    },
    "category": [
        "솔루션",
        "SI",
        "CRM",
        "ERP"
    ],
    "employeeRatio": {},
    "totalSales": {
        "value": 23200,
        "unit": "백만원"
    },
    "likes": 677,
    "benefits": {},
    "logo": "나온소프트.png",
    "majorCategory": [
        "IT·디지털 및 소프트웨어"
    ]
}