{
    "companyName": "날리지포인트",
    "headCount": 62,
    "salary": {
        "allAvg": 3775,
        "newcomerAvg": null,
        "unit": "만원"
    },
    "category": [
        "솔루션",
        "SI",
        "CRM",
        "ERP"
    ],
    "employeeRatio": {},
    "totalSales": {
        "value": 7000,
        "unit": "백만원"
    },
    "likes": 159,
    "benefits": {},
    "logo": "날리지포인트.gif",
    "majorCategory": [
        "IT·디지털 및 소프트웨어"
    ]
}