{
    "companyName": "나누미넷",
    "headCount": 14,
    "salary": {
        "allAvg": 4308,
        "newcomerAvg": null,
        "unit": "만원"
    },
    "category": [
        "솔루션",
        "SI",
        "CRM",
        "ERP"
    ],
    "employeeRatio": {},
    "totalSales": {
        "value": 1780,
        "unit": "백만원"
    },
    "likes": 36,
    "benefits": {},
    "logo": "나누미넷.jpg",
    "majorCategory": [
        "IT·디지털 및 소프트웨어"
    ]
}