{
    "companyName": "나비엠알오",
    "headCount": 124,
    "salary": {
        "allAvg": 3904,
        "newcomerAvg": null,
        "unit": "만원"
    },
    "category": [
        "쇼핑몰",
        "오픈마켓",
        "소셜커머스"
    ],
    "employeeRatio": {},
    "totalSales": {
        "value": 87500,
        "unit": "백만원"
    },
    "likes": 632,
    "benefits": {},
    "logo": "나비엠알오.gif",
    "majorCategory": [
        "유통·소매·물류"
    ]
}