{
    "companyName": "나눔기술",
    "headCount": 32,
    "salary": {
        "allAvg": 6095,
        "newcomerAvg": null,
        "unit": "만원"
    },
    "category": [
        "솔루션",
        "SI",
        "CRM",
        "ERP"
    ],
    "employeeRatio": {
        "male": 88,
        "female": 13
    },
    "totalSales": {
        "value": 6200,
        "unit": "백만원"
    },
    "likes": 38,
    "benefits": {},
    "logo": "나눔기술(로고없음).jpg",
    "majorCategory": [
        "IT·디지털 및 소프트웨어"
    ]
}