{
    "companyName": "나래디엔에이",
    "headCount": 18,
    "salary": {
        "allAvg": 3744,
        "newcomerAvg": null,
        "unit": "만원"
    },
    "category": [
        "전기",
        "전자",
        "제어"
    ],
    "employeeRatio": {},
    "totalSales": {
        "value": 3890,
        "unit": "백만원"
    },
    "likes": 33,
    "benefits": {},
    "logo": "나래디엔에이(로고없음).jpg",
    "majorCategory": [
        "제조·기계·산업"
    ]
}