{
    "companyName": "나이츠넷",
    "headCount": 50,
    "salary": {
        "allAvg": 3429,
        "newcomerAvg": null,
        "unit": "만원"
    },
    "category": [
        "네트워크",
        "통신서비스"
    ],
    "employeeRatio": {},
    "totalSales": {
        "value": 8300,
        "unit": "백만원"
    },
    "likes": 129,
    "benefits": {},
    "logo": "나이츠넷.png",
    "majorCategory": [
        "IT·디지털 및 소프트웨어"
    ]
}