{
    "companyName": "나날에스엠아이",
    "headCount": 95,
    "salary": {
        "allAvg": 4060,
        "newcomerAvg": null,
        "unit": "만원"
    },
    "category": [
        "솔루션",
        "SI",
        "CRM",
        "ERP"
    ],
    "employeeRatio": {},
    "totalSales": {
        "value": 20030,
        "unit": "백만원"
    },
    "likes": 337,
    "benefits": {},
    "logo": "나날에스엠아이.jpg",
    "majorCategory": [
        "IT·디지털 및 소프트웨어"
    ]
}