{
    "companyName": "나노아이티",
    "headCount": 15,
    "salary": {
        "allAvg": 4027,
        "newcomerAvg": null,
        "unit": "만원"
    },
    "category": [
        "솔루션",
        "SI",
        "CRM",
        "ERP"
    ],
    "employeeRatio": {},
    "totalSales": {
        "value": 28700,
        "unit": "백만원"
    },
    "likes": 69,
    "benefits": {},
    "logo": "나노아이티.gif",
    "majorCategory": [
        "IT·디지털 및 소프트웨어"
    ]
}