{
    "companyName": "나모웹비즈",
    "headCount": 17,
    "salary": {
        "allAvg": 4495,
        "newcomerAvg": 3000,
        "unit": "만원"
    },
    "category": [
        "솔루션",
        "SI",
        "CRM",
        "ERP"
    ],
    "employeeRatio": {},
    "totalSales": {
        "value": 2560,
        "unit": "백만원"
    },
    "likes": 116,
    "benefits": {},
    "logo": "나모웹비즈.png",
    "majorCategory": [
        "IT·디지털 및 소프트웨어"
    ]
}