{
    "companyName": "나비스오토모티브시스템즈",
    "headCount": 270,
    "salary": {
        "allAvg": 6567,
        "newcomerAvg": 3600,
        "unit": "만원"
    },
    "category": [
        "솔루션",
        "SI",
        "CRM",
        "ERP"
    ],
    "employeeRatio": {},
    "totalSales": {
        "value": 100800,
        "unit": "백만원"
    },
    "likes": 338,
    "benefits": {},
    "logo": "나비스오토모티브시스템즈.jpg",
    "majorCategory": [
        "IT·디지털 및 소프트웨어"
    ]
}