{
    "companyName": "낙스넷",
    "headCount": 303,
    "salary": {
        "allAvg": 3010,
        "newcomerAvg": 3250,
        "unit": "만원"
    },
    "category": [
        "솔루션",
        "SI",
        "CRM",
        "ERP"
    ],
    "employeeRatio": {},
    "totalSales": {
        "value": 43340,
        "unit": "백만원"
    },
    "likes": 625,
    "benefits": {},
    "logo": "낙스넷(로고없음).jpg",
    "majorCategory": [
        "IT·디지털 및 소프트웨어"
    ]
}