{
    "companyName": "나눔아이씨티",
    "headCount": 40,
    "salary": {
        "allAvg": 4566,
        "newcomerAvg": 3279,
        "unit": "만원"
    },
    "category": [
        "솔루션",
        "SI",
        "CRM",
        "ERP"
    ],
    "employeeRatio": {},
    "totalSales": {
        "value": 2230,
        "unit": "백만원"
    },
    "likes": 167,
    "benefits": {},
    "logo": "나눔아이씨티.jpg",
    "majorCategory": [
        "IT·디지털 및 소프트웨어"
    ]
}