{
    "companyName": "날리지큐브",
    "headCount": 80,
    "salary": {
        "allAvg": 5064,
        "newcomerAvg": null,
        "unit": "만원"
    },
    "category": [
        "솔루션",
        "SI",
        "CRM",
        "ERP"
    ],
    "employeeRatio": {},
    "totalSales": {
        "value": 10000,
        "unit": "백만원"
    },
    "likes": 132,
    "benefits": {},
    "logo": "날리지큐브.jpg",
    "majorCategory": [
        "IT·디지털 및 소프트웨어"
    ]
}