{
    "companyName": "나래인포시스템즈",
    "headCount": null,
    "salary": {
        "allAvg": 3732,
        "newcomerAvg": null,
        "unit": "만원"
    },
    "category": [
        "컴퓨터",
        "하드웨어",
        "장비"
    ],
    "employeeRatio": {},
    "totalSales": {
        "value": 2200,
        "unit": "백만원"
    },
    "likes": 14,
    "benefits": {},
    "logo": "나래인포시스템즈.jpg",
    "majorCategory": [
        "IT·디지털 및 소프트웨어",
        "제조·기계·산업"
    ]
}