{
    "companyName": "나래나노텍",
    "headCount": 261,
    "salary": {
        "allAvg": 5151,
        "newcomerAvg": 3050,
        "unit": "만원"
    },
    "category": [
        "공기업",
        "공공기관"
    ],
    "employeeRatio": {
        "male": 89,
        "female": 11
    },
    "totalSales": {
        "value": 56140,
        "unit": "백만원"
    },
    "likes": 36,
    "benefits": {},
    "logo": "나래나노텍(로고없음).jpg",
    "majorCategory": [
        "기타·공공"
    ]
}