{
    "companyName": "나이콤",
    "headCount": 86,
    "salary": {
        "allAvg": 4505,
        "newcomerAvg": 3150,
        "unit": "만원"
    },
    "category": [
        "컴퓨터",
        "하드웨어",
        "장비"
    ],
    "employeeRatio": {},
    "totalSales": {
        "value": 16700,
        "unit": "백만원"
    },
    "likes": 340,
    "benefits": {},
    "logo": "나이콤.gif",
    "majorCategory": [
        "IT·디지털 및 소프트웨어",
        "제조·기계·산업"
    ]
}