{
    "companyName": "나무가",
    "headCount": 130,
    "salary": {
        "allAvg": 7850,
        "newcomerAvg": 4000,
        "unit": "만원"
    },
    "category": [
        "전기",
        "전자",
        "제어"
    ],
    "employeeRatio": {
        "male": 85,
        "female": 15
    },
    "totalSales": {
        "value": 65600,
        "unit": "백만원"
    },
    "likes": 2102,
    "benefits": {
        "title": "복리후생",
        "sections": [
            {
                "head": "연금·보험",
                "body": [
                    "국민연금",
                    "고용보험",
                    "산재보험",
                    "건강보험",
                    "퇴직연금"
                ]
            },
            {
                "head": "휴무·휴가·행사",
                "body": [
                    "주5일제",
                    "연차제도",
                    "정기휴가",
                    "경조휴가",
                    "반차제도",
                    "리프레시 휴가",
                    "출산휴가",
                    "육아휴직",
                    "남성출산휴가",
                    "보건휴가",
                    "노동절 휴무",
                    "창립일 행사",
                    "워크샵/MT",
                    "체육대회",
                    "야유회"
                ]
            },
            {
                "head": "보상·수당·지원",
                "body": [
                    "스톡옵션",
                    "퇴직금",
                    "경조금",
                    "인센티브",
                    "정기보너스",
                    "장기근속 포상",
                    "우수사원 포상제도",
                    "임직원 교육비",
                    "자기개발 지원",
                    "야간교통비 지급",
                    "각종 기념일 선물",
                    "성과급",
                    "우리사주제도",
                    "복리후생 지원"
                ]
            },
            {
                "head": "사내제도·성장",
                "body": [
                    "신입 사원 교육",
                    "직무능력향상교육",
                    "리더쉽강화교육",
                    "해외주재원"
                ]
            },
            {
                "head": "사내시설",
                "body": [
                    "구내식당",
                    "헬스시설",
                    "사내정원",
                    "샤워실",
                    "흡연공간"
                ]
            },
            {
                "head": "편의·여가·건강",
                "body": [
                    "사내 동호회",
                    "건강검진",
                    "점심 식사 지원",
                    "아침 식사 지원",
                    "휴양시설"
                ]
            }
        ]
    },
    "logo": "나무가.png",
    "majorCategory": [
        "제조·기계·산업"
    ]
}