{
    "companyName": "놀부",
    "headCount": 116,
    "salary": {
        "allAvg": 4767,
        "newcomerAvg": 3200,
        "unit": "만원"
    },
    "category": [
        "음식료",
        "외식",
        "프랜차이즈"
    ],
    "employeeRatio": {},
    "totalSales": {
        "value": 67460,
        "unit": "백만원"
    },
    "likes": 1254,
    "benefits": {},
    "logo": "놀부.png",
    "majorCategory": [
        "유통·소매·물류",
        "숙박·여행·외식·레저"
    ]
}