{
    "companyName": "노리시스템",
    "headCount": 224,
    "salary": {
        "allAvg": 4544,
        "newcomerAvg": 3400,
        "unit": "만원"
    },
    "category": [
        "솔루션",
        "SI",
        "CRM",
        "ERP"
    ],
    "employeeRatio": {},
    "totalSales": {
        "value": 19000,
        "unit": "백만원"
    },
    "likes": 148,
    "benefits": {},
    "logo": "노리시스템.jpg",
    "majorCategory": [
        "IT·디지털 및 소프트웨어"
    ]
}