{
    "companyName": "노루페인트",
    "headCount": 778,
    "salary": {
        "allAvg": 8101,
        "newcomerAvg": 3100,
        "unit": "만원"
    },
    "category": [
        "화학",
        "에너지",
        "환경"
    ],
    "employeeRatio": {
        "male": 89,
        "female": 11
    },
    "totalSales": {
        "value": 89230,
        "unit": "백만원"
    },
    "likes": 1035,
    "benefits": {},
    "logo": "노루페인트.gif",
    "majorCategory": [
        "제조·기계·산업"
    ]
}