{
    "companyName": "노츠",
    "headCount": 140,
    "salary": {
        "allAvg": 3633,
        "newcomerAvg": 2850,
        "unit": "만원"
    },
    "category": [
        "솔루션",
        "SI",
        "CRM",
        "ERP"
    ],
    "employeeRatio": {},
    "totalSales": {
        "value": 6600,
        "unit": "백만원"
    },
    "likes": 293,
    "benefits": {},
    "logo": "노츠.jpg",
    "majorCategory": [
        "IT·디지털 및 소프트웨어"
    ]
}