{
    "companyName": "넷아이디",
    "headCount": 33,
    "salary": {
        "allAvg": 3683,
        "newcomerAvg": null,
        "unit": "만원"
    },
    "category": [
        "솔루션",
        "SI",
        "CRM",
        "ERP"
    ],
    "employeeRatio": {},
    "totalSales": {
        "value": 3640,
        "unit": "백만원"
    },
    "likes": 0,
    "benefits": {},
    "logo": "넷아이디.png",
    "majorCategory": [
        "IT·디지털 및 소프트웨어"
    ]
}