{
    "companyName": "네오위즈",
    "headCount": 975,
    "salary": {
        "allAvg": 8350,
        "newcomerAvg": 4350,
        "unit": "만원"
    },
    "category": [
        "게임",
        "애니메이션"
    ],
    "employeeRatio": {
        "male": 68,
        "female": 32
    },
    "totalSales": {
        "value": 86440,
        "unit": "백만원"
    },
    "likes": 4206,
    "benefits": {},
    "logo": "네오위즈.gif",
    "majorCategory": [
        "미디어·엔터테인먼트·문화"
    ]
}