{
    "companyName": "네패스",
    "headCount": 1118,
    "salary": {
        "allAvg": 4553,
        "newcomerAvg": 3400,
        "unit": "만원"
    },
    "category": [
        "전기",
        "전자",
        "제어"
    ],
    "employeeRatio": {
        "male": 54,
        "female": 46
    },
    "totalSales": {
        "value": 27260,
        "unit": "백만원"
    },
    "likes": 1325,
    "benefits": {},
    "logo": "네패스.JPG",
    "majorCategory": [
        "제조·기계·산업"
    ]
}