{
    "companyName": "넥스챌",
    "headCount": 66,
    "salary": {
        "allAvg": 4339,
        "newcomerAvg": 3400,
        "unit": "만원"
    },
    "category": [
        "솔루션",
        "SI",
        "CRM",
        "ERP"
    ],
    "employeeRatio": {},
    "totalSales": {
        "value": 9990,
        "unit": "백만원"
    },
    "likes": 256,
    "benefits": {},
    "logo": "넥스챌.jpg",
    "majorCategory": [
        "IT·디지털 및 소프트웨어"
    ]
}