{
    "companyName": "넥스지오",
    "headCount": 39,
    "salary": {
        "allAvg": 4623,
        "newcomerAvg": null,
        "unit": "만원"
    },
    "category": [
        "건설",
        "시공",
        "토목",
        "조경"
    ],
    "employeeRatio": {},
    "totalSales": {
        "value": 1340,
        "unit": "백만원"
    },
    "likes": 93,
    "benefits": {},
    "logo": "넥스지오.JPG",
    "majorCategory": [
        "건설·부동산·인테리어"
    ]
}