{
    "companyName": "녹원씨엔아이",
    "headCount": 51,
    "salary": {
        "allAvg": 5684,
        "newcomerAvg": 2400,
        "unit": "만원"
    },
    "category": [
        "솔루션",
        "SI",
        "CRM",
        "ERP"
    ],
    "employeeRatio": {
        "male": 86,
        "female": 14
    },
    "totalSales": {
        "value": 13110,
        "unit": "백만원"
    },
    "likes": 514,
    "benefits": {},
    "logo": "녹원씨엔아이(로고없음).jpg",
    "majorCategory": [
        "IT·디지털 및 소프트웨어"
    ]
}