{
    "companyName": "넷마블",
    "headCount": 793,
    "salary": {
        "allAvg": 7549,
        "newcomerAvg": 3600,
        "unit": "만원"
    },
    "category": [
        "게임",
        "애니메이션"
    ],
    "employeeRatio": {
        "male": 63,
        "female": 37
    },
    "totalSales": {
        "value": 97270,
        "unit": "백만원"
    },
    "likes": 6627,
    "benefits": {
        "title": "복리후생",
        "sections": [
            {
                "head": "연금·보험",
                "body": [
                    "국민연금",
                    "고용보험",
                    "산재보험",
                    "건강보험"
                ]
            },
            {
                "head": "휴무·휴가·행사",
                "body": [
                    "주5일제",
                    "연차제도",
                    "노동절 휴무"
                ]
            },
            {
                "head": "보상·수당·지원",
                "body": [
                    "퇴직금",
                    "경조금",
                    "자기개발 지원",
                    "야간교통비 지급",
                    "복리후생 지원"
                ]
            },
            {
                "head": "사내제도·성장",
                "body": [
                    "신입 사원 교육",
                    "직무능력향상교육",
                    "리더쉽강화교육"
                ]
            },
            {
                "head": "사내시설",
                "body": [
                    "휴식공간",
                    "헬스시설",
                    "카페테리아",
                    "사내도서관",
                    "사내정원",
                    "수면실",
                    "여성전용휴게실",
                    "수유실",
                    "샤워실",
                    "흡연공간"
                ]
            },
            {
                "head": "편의·여가·건강",
                "body": [
                    "식사 지원"
                ]
            }
        ]
    },
    "logo": "넷마블.jpg",
    "majorCategory": [
        "미디어·엔터테인먼트·문화"
    ]
}