{
    "companyName": "넥슨코리아",
    "headCount": 3500,
    "salary": {
        "allAvg": 6751,
        "newcomerAvg": null,
        "unit": "만원"
    },
    "category": [
        "컴퓨터",
        "하드웨어",
        "장비"
    ],
    "employeeRatio": {},
    "totalSales": {
        "value": 3900000,
        "unit": "백만원"
    },
    "likes": 19074,
    "benefits": {
        "title": "복리후생",
        "sections": [
            {
                "head": "연금·보험",
                "body": [
                    "국민연금",
                    "고용보험",
                    "산재보험",
                    "건강보험",
                    "퇴직연금",
                    "실비보험"
                ]
            },
            {
                "head": "휴무·휴가·행사",
                "body": [
                    "주5일제",
                    "연차제도",
                    "경조휴가",
                    "출산휴가",
                    "육아휴직",
                    "남성출산휴가",
                    "자유로운 휴가문화"
                ]
            },
            {
                "head": "보상·수당·지원",
                "body": [
                    "퇴직금",
                    "경조금",
                    "사내대출",
                    "장기근속 포상",
                    "야간근로수당",
                    "직책수당",
                    "명절선물/명절상여",
                    "주차 지원",
                    "야간교통비 지급",
                    "성과급",
                    "임직원 할인",
                    "복지포인트",
                    "연장근로수당",
                    "장비 지원",
                    "회식비 지원",
                    "포상제도",
                    "웰컴키트",
                    "임신/출산 지원"
                ]
            },
            {
                "head": "사내제도·성장",
                "body": [
                    "사내 외국어강좌 운영",
                    "신입 사원 교육",
                    "리더쉽강화교육",
                    "교육/세미나/스터디",
                    "노조/노사협의회",
                    "님/닉네임 호칭",
                    "멘토링 제도",
                    "수평적 문화",
                    "임산부 근로시간 단축",
                    "자율복장"
                ]
            },
            {
                "head": "사내시설",
                "body": [
                    "구내식당",
                    "휴식공간",
                    "헬스시설",
                    "카페테리아",
                    "사내정원",
                    "의무실",
                    "사내 어린이집",
                    "주차장",
                    "수면실",
                    "수유실",
                    "샤워실",
                    "흡연공간",
                    "안전시설",
                    "전용사옥",
                    "쾌적한 업무공간",
                    "탕비실"
                ]
            },
            {
                "head": "편의·여가·건강",
                "body": [
                    "사내 동호회",
                    "출퇴근 셔틀버스",
                    "건강검진",
                    "점심 식사 지원",
                    "휴양시설",
                    "식사 지원",
                    "가족 건강검진",
                    "사내 편의 서비스",
                    "심리상담"
                ]
            }
        ]
    },
    "logo": "넥슨코리아.gif",
    "majorCategory": [
        "IT·디지털 및 소프트웨어",
        "제조·기계·산업"
    ]
}