{
    "companyName": "네슬레코리아(유)",
    "headCount": 483,
    "salary": {
        "allAvg": 4691,
        "newcomerAvg": 3300,
        "unit": "만원"
    },
    "category": [
        "백화점",
        "유통",
        "도소매"
    ],
    "employeeRatio": {},
    "totalSales": {
        "value": 416900,
        "unit": "백만원"
    },
    "likes": 1315,
    "benefits": {},
    "logo": "네슬레코리아(유).jpg",
    "majorCategory": [
        "유통·소매·물류"
    ]
}