{
    "companyName": "넷틴스",
    "headCount": 22,
    "salary": {
        "allAvg": 3618,
        "newcomerAvg": 3000,
        "unit": "만원"
    },
    "category": [
        "솔루션",
        "SI",
        "CRM",
        "ERP"
    ],
    "employeeRatio": {},
    "totalSales": {
        "value": 3500,
        "unit": "백만원"
    },
    "likes": 32,
    "benefits": {},
    "logo": "넷틴스.jpg",
    "majorCategory": [
        "IT·디지털 및 소프트웨어"
    ]
}