{
    "companyName": "넷커스터마이즈",
    "headCount": 74,
    "salary": {
        "allAvg": 5208,
        "newcomerAvg": 4150,
        "unit": "만원"
    },
    "category": [
        "컴퓨터",
        "하드웨어",
        "장비"
    ],
    "employeeRatio": {},
    "totalSales": {
        "value": 13210,
        "unit": "백만원"
    },
    "likes": 116,
    "benefits": {},
    "logo": "넷커스터마이즈.jpg",
    "majorCategory": [
        "IT·디지털 및 소프트웨어",
        "제조·기계·산업"
    ]
}