{
    "companyName": "넥스블루",
    "headCount": 20,
    "salary": {
        "allAvg": 4947,
        "newcomerAvg": 3200,
        "unit": "만원"
    },
    "category": [
        "솔루션",
        "SI",
        "CRM",
        "ERP"
    ],
    "employeeRatio": {},
    "totalSales": {
        "value": 7800,
        "unit": "백만원"
    },
    "likes": 79,
    "benefits": {},
    "logo": "넥스블루.jpg",
    "majorCategory": [
        "IT·디지털 및 소프트웨어"
    ]
}