{
    "companyName": "농심엔지니어링",
    "headCount": 170,
    "salary": {
        "allAvg": 6107,
        "newcomerAvg": 4400,
        "unit": "만원"
    },
    "category": [
        "기계",
        "기계설비"
    ],
    "employeeRatio": {},
    "totalSales": {
        "value": 97530,
        "unit": "백만원"
    },
    "likes": 231,
    "benefits": {},
    "logo": "농심엔지니어링.jpg",
    "majorCategory": [
        "제조·기계·산업"
    ]
}