{
    "companyName": "네오젠소프트",
    "headCount": 38,
    "salary": {
        "allAvg": 4004,
        "newcomerAvg": null,
        "unit": "만원"
    },
    "category": [
        "솔루션",
        "SI",
        "CRM",
        "ERP"
    ],
    "employeeRatio": {},
    "totalSales": {
        "value": 3900,
        "unit": "백만원"
    },
    "likes": 142,
    "benefits": {},
    "logo": "네오젠소프트.jpg",
    "majorCategory": [
        "IT·디지털 및 소프트웨어"
    ]
}