{
    "companyName": "넷츠플러스",
    "headCount": 20,
    "salary": {
        "allAvg": 4567,
        "newcomerAvg": null,
        "unit": "만원"
    },
    "category": [
        "네트워크",
        "통신서비스"
    ],
    "employeeRatio": {},
    "totalSales": {
        "value": 5190,
        "unit": "백만원"
    },
    "likes": 29,
    "benefits": {},
    "logo": "넷츠플러스.jpg",
    "majorCategory": [
        "IT·디지털 및 소프트웨어"
    ]
}