{
    "companyName": "넥스가이드",
    "headCount": 18,
    "salary": {
        "allAvg": 4638,
        "newcomerAvg": null,
        "unit": "만원"
    },
    "category": [
        "솔루션",
        "SI",
        "CRM",
        "ERP"
    ],
    "employeeRatio": {},
    "totalSales": {
        "value": 2600,
        "unit": "백만원"
    },
    "likes": 45,
    "benefits": {},
    "logo": "넥스가이드.jpg",
    "majorCategory": [
        "IT·디지털 및 소프트웨어"
    ]
}