{
    "companyName": "넷클립스",
    "headCount": 9,
    "salary": {
        "allAvg": 6167,
        "newcomerAvg": null,
        "unit": "만원"
    },
    "category": [
        "컴퓨터",
        "하드웨어",
        "장비"
    ],
    "employeeRatio": {},
    "totalSales": {
        "value": 4300,
        "unit": "백만원"
    },
    "likes": 10,
    "benefits": {},
    "logo": "넷클립스.jpg",
    "majorCategory": [
        "IT·디지털 및 소프트웨어",
        "제조·기계·산업"
    ]
}