{
    "companyName": "너우리시스템",
    "headCount": 35,
    "salary": {
        "allAvg": 4690,
        "newcomerAvg": null,
        "unit": "만원"
    },
    "category": [
        "솔루션",
        "SI",
        "CRM",
        "ERP"
    ],
    "employeeRatio": {},
    "totalSales": {
        "value": 4000,
        "unit": "백만원"
    },
    "likes": 72,
    "benefits": {},
    "logo": "너우리시스템.jpg",
    "majorCategory": [
        "IT·디지털 및 소프트웨어"
    ]
}