{
    "companyName": "네오펙트",
    "headCount": 80,
    "salary": {
        "allAvg": 4803,
        "newcomerAvg": 3600,
        "unit": "만원"
    },
    "category": [
        "제약",
        "보건",
        "바이오"
    ],
    "employeeRatio": {
        "male": 70,
        "female": 30
    },
    "totalSales": {
        "value": 2980,
        "unit": "백만원"
    },
    "likes": 323,
    "benefits": {},
    "logo": "네오펙트.jpg",
    "majorCategory": [
        "의료·보건·복지"
    ]
}