{
    "companyName": "네오소프트뱅크",
    "headCount": 30,
    "salary": {
        "allAvg": 3964,
        "newcomerAvg": null,
        "unit": "만원"
    },
    "category": [
        "솔루션",
        "SI",
        "CRM",
        "ERP"
    ],
    "employeeRatio": {},
    "totalSales": {
        "value": 4560,
        "unit": "백만원"
    },
    "likes": 257,
    "benefits": {},
    "logo": "네오소프트뱅크.jpg",
    "majorCategory": [
        "IT·디지털 및 소프트웨어"
    ]
}