{
    "companyName": "네오플러스",
    "headCount": 130,
    "salary": {
        "allAvg": 4525,
        "newcomerAvg": null,
        "unit": "만원"
    },
    "category": [
        "솔루션",
        "SI",
        "CRM",
        "ERP"
    ],
    "employeeRatio": {},
    "totalSales": {
        "value": 10000,
        "unit": "백만원"
    },
    "likes": 662,
    "benefits": {
        "title": "복리후생",
        "sections": [
            {
                "head": "연금·보험",
                "body": [
                    "국민연금",
                    "고용보험",
                    "산재보험",
                    "건강보험"
                ]
            },
            {
                "head": "휴무·휴가·행사",
                "body": [
                    "주5일제",
                    "연차제도",
                    "월차제도",
                    "경조휴가",
                    "반차제도",
                    "육아휴직"
                ]
            },
            {
                "head": "보상·수당·지원",
                "body": [
                    "야간교통비 지급"
                ]
            }
        ]
    },
    "logo": "네오플러스.JPG",
    "majorCategory": [
        "IT·디지털 및 소프트웨어"
    ]
}