{
    "companyName": "넥스트솔루션",
    "headCount": 15,
    "salary": {
        "allAvg": 4054,
        "newcomerAvg": null,
        "unit": "만원"
    },
    "category": [
        "솔루션",
        "SI",
        "CRM",
        "ERP"
    ],
    "employeeRatio": {
        "male": 30,
        "female": 70
    },
    "totalSales": {
        "value": null,
        "unit": "백만원"
    },
    "likes": 1008,
    "benefits": {},
    "logo": "넥스트솔루션.png",
    "majorCategory": [
        "IT·디지털 및 소프트웨어"
    ]
}