{
    "companyName": "네오에스티엠",
    "headCount": 24,
    "salary": {
        "allAvg": 4406,
        "newcomerAvg": null,
        "unit": "만원"
    },
    "category": [
        "컴퓨터",
        "하드웨어",
        "장비"
    ],
    "employeeRatio": {},
    "totalSales": {
        "value": 4500,
        "unit": "백만원"
    },
    "likes": 68,
    "benefits": {},
    "logo": "네오에스티엠.jpg",
    "majorCategory": [
        "IT·디지털 및 소프트웨어",
        "제조·기계·산업"
    ]
}