{
    "companyName": "넷마블에프앤씨",
    "headCount": 750,
    "salary": {
        "allAvg": 4925,
        "newcomerAvg": 5700,
        "unit": "만원"
    },
    "category": [
        "게임",
        "애니메이션"
    ],
    "employeeRatio": {},
    "totalSales": {
        "value": 63550,
        "unit": "백만원"
    },
    "likes": 1717,
    "benefits": {
        "title": "복리후생",
        "sections": [
            {
                "head": "연금·보험",
                "body": [
                    "국민연금",
                    "고용보험",
                    "산재보험",
                    "건강보험",
                    "퇴직연금"
                ]
            },
            {
                "head": "휴무·휴가·행사",
                "body": [
                    "주5일제",
                    "연차제도",
                    "경조휴가",
                    "반차제도",
                    "리프레시 휴가",
                    "출산휴가",
                    "육아휴직",
                    "보건휴가",
                    "노동절 휴무"
                ]
            },
            {
                "head": "보상·수당·지원",
                "body": [
                    "퇴직금",
                    "경조금",
                    "장기근속 포상",
                    "가족 의료비 지원",
                    "야간근로수당",
                    "휴일근로수당",
                    "연월차제도수당",
                    "직책수당",
                    "장기근속수당",
                    "명절선물/명절상여",
                    "야간교통비 지급",
                    "복리후생 지원"
                ]
            },
            {
                "head": "편의·여가·건강",
                "body": [
                    "건강검진",
                    "저녁 식사 지원",
                    "식사 지원"
                ]
            }
        ]
    },
    "logo": "넷마블에프앤씨.PNG",
    "majorCategory": [
        "미디어·엔터테인먼트·문화"
    ]
}