{
    "companyName": "넥스트스퀘어",
    "headCount": 50,
    "salary": {
        "allAvg": 4791,
        "newcomerAvg": null,
        "unit": "만원"
    },
    "category": [
        "전기",
        "전자",
        "제어"
    ],
    "employeeRatio": {},
    "totalSales": {
        "value": 11100,
        "unit": "백만원"
    },
    "likes": 27,
    "benefits": {},
    "logo": "넥스트스퀘어.png",
    "majorCategory": [
        "제조·기계·산업"
    ]
}