{
    "companyName": "네스텍",
    "headCount": 30,
    "salary": {
        "allAvg": 4093,
        "newcomerAvg": null,
        "unit": "만원"
    },
    "category": [
        "솔루션",
        "SI",
        "CRM",
        "ERP"
    ],
    "employeeRatio": {},
    "totalSales": {
        "value": null,
        "unit": "백만원"
    },
    "likes": 184,
    "benefits": {},
    "logo": "네스텍.jpg",
    "majorCategory": [
        "IT·디지털 및 소프트웨어"
    ]
}