{
    "companyName": "농협정보시스템",
    "headCount": 609,
    "salary": {
        "allAvg": 6972,
        "newcomerAvg": 2650,
        "unit": "만원"
    },
    "category": [
        "컴퓨터",
        "하드웨어",
        "장비"
    ],
    "employeeRatio": {},
    "totalSales": {
        "value": 7490,
        "unit": "백만원"
    },
    "likes": 2095,
    "benefits": {},
    "logo": "농협정보시스템.gif",
    "majorCategory": [
        "IT·디지털 및 소프트웨어",
        "제조·기계·산업"
    ]
}