{
    "companyName": "네오뮤직",
    "headCount": 11,
    "salary": {
        "allAvg": 4569,
        "newcomerAvg": null,
        "unit": "만원"
    },
    "category": [
        "백화점",
        "유통",
        "도소매"
    ],
    "employeeRatio": {},
    "totalSales": {
        "value": 8690,
        "unit": "백만원"
    },
    "likes": 103,
    "benefits": {},
    "logo": "네오뮤직.jpg",
    "majorCategory": [
        "유통·소매·물류"
    ]
}