{
    "companyName": "네오트랜스",
    "headCount": 407,
    "salary": {
        "allAvg": 6299,
        "newcomerAvg": null,
        "unit": "만원"
    },
    "category": [
        "물류",
        "운송",
        "배송"
    ],
    "employeeRatio": {},
    "totalSales": {
        "value": 87700,
        "unit": "백만원"
    },
    "likes": 247,
    "benefits": {},
    "logo": "네오트랜스.gif",
    "majorCategory": [
        "운송·정비·서비스",
        "유통·소매·물류"
    ]
}