{
    "companyName": "녹십자이엠",
    "headCount": 325,
    "salary": {
        "allAvg": 6193,
        "newcomerAvg": 4200,
        "unit": "만원"
    },
    "category": [
        "건축",
        "설비",
        "환경"
    ],
    "employeeRatio": {},
    "totalSales": {
        "value": 85080,
        "unit": "백만원"
    },
    "likes": 146,
    "benefits": {},
    "logo": "녹십자이엠.jpg",
    "majorCategory": [
        "제조·기계·산업",
        "건설·부동산·인테리어"
    ]
}