{
    "companyName": "네트콤",
    "headCount": 17,
    "salary": {
        "allAvg": 4585,
        "newcomerAvg": null,
        "unit": "만원"
    },
    "category": [
        "솔루션",
        "SI",
        "CRM",
        "ERP"
    ],
    "employeeRatio": {},
    "totalSales": {
        "value": 8100,
        "unit": "백만원"
    },
    "likes": 70,
    "benefits": {},
    "logo": "네트콤.png",
    "majorCategory": [
        "IT·디지털 및 소프트웨어"
    ]
}