{
    "companyName": "네이티브바이너리",
    "headCount": 6,
    "salary": {
        "allAvg": 4646,
        "newcomerAvg": null,
        "unit": "만원"
    },
    "category": [
        "솔루션",
        "SI",
        "CRM",
        "ERP"
    ],
    "employeeRatio": {},
    "totalSales": {
        "value": 1070,
        "unit": "백만원"
    },
    "likes": 21,
    "benefits": {},
    "logo": "네이티브바이너리.png",
    "majorCategory": [
        "IT·디지털 및 소프트웨어"
    ]
}