{
    "companyName": "남양에스티엔",
    "headCount": 307,
    "salary": {
        "allAvg": 3712,
        "newcomerAvg": 2520,
        "unit": "만원"
    },
    "category": [
        "네트워크",
        "통신서비스"
    ],
    "employeeRatio": {},
    "totalSales": {
        "value": 39690,
        "unit": "백만원"
    },
    "likes": 74,
    "benefits": {},
    "logo": "남양에스티엔.png",
    "majorCategory": [
        "IT·디지털 및 소프트웨어"
    ]
}