{
    "companyName": "넷마블엔투",
    "headCount": 585,
    "salary": {
        "allAvg": 6343,
        "newcomerAvg": null,
        "unit": "만원"
    },
    "category": [
        "게임",
        "애니메이션"
    ],
    "employeeRatio": {},
    "totalSales": {
        "value": 60450,
        "unit": "백만원"
    },
    "likes": 303,
    "benefits": {
        "title": "복리후생",
        "sections": [
            {
                "head": "연금·보험",
                "body": [
                    "국민연금",
                    "고용보험",
                    "산재보험",
                    "건강보험",
                    "퇴직연금"
                ]
            },
            {
                "head": "휴무·휴가·행사",
                "body": [
                    "주5일제",
                    "연차제도",
                    "경조휴가",
                    "반차제도",
                    "리프레시 휴가",
                    "출산휴가",
                    "육아휴직",
                    "남성출산휴가",
                    "창립일 휴무",
                    "창립일 행사",
                    "반반차 제도",
                    "자유로운 휴가문화"
                ]
            },
            {
                "head": "보상·수당·지원",
                "body": [
                    "퇴직금",
                    "경조금",
                    "가족 의료비 지원",
                    "야간근로수당",
                    "휴일근로수당",
                    "직책수당",
                    "장기근속수당",
                    "야간교통비 지급",
                    "복지포인트"
                ]
            },
            {
                "head": "사내제도·성장",
                "body": [
                    "수평적 문화",
                    "자율복장"
                ]
            },
            {
                "head": "사내시설",
                "body": [
                    "헬스시설",
                    "카페테리아",
                    "의무실",
                    "수면실",
                    "수유실",
                    "샤워실",
                    "흡연공간",
                    "장애인용 주차장"
                ]
            },
            {
                "head": "편의·여가·건강",
                "body": [
                    "건강검진",
                    "점심 식사 지원",
                    "저녁 식사 지원",
                    "심리상담",
                    "의료비"
                ]
            },
            {
                "head": "기타",
                "body": [
                    "출근 셔틀버스"
                ]
            }
        ]
    },
    "logo": "넷마블엔투.png",
    "majorCategory": [
        "미디어·엔터테인먼트·문화"
    ]
}