{
    "companyName": "녹십자",
    "headCount": 2319,
    "salary": {
        "allAvg": 6989,
        "newcomerAvg": 2800,
        "unit": "만원"
    },
    "category": [
        "제약",
        "보건",
        "바이오"
    ],
    "employeeRatio": {
        "male": 74,
        "female": 26
    },
    "totalSales": {
        "value": 1009800,
        "unit": "백만원"
    },
    "likes": 10362,
    "benefits": {},
    "logo": "녹십자.jpg",
    "majorCategory": [
        "의료·보건·복지"
    ]
}