{
    "companyName": "네비웍스",
    "headCount": 50,
    "salary": {
        "allAvg": 4050,
        "newcomerAvg": 3600,
        "unit": "만원"
    },
    "category": [
        "솔루션",
        "SI",
        "CRM",
        "ERP"
    ],
    "employeeRatio": {},
    "totalSales": {
        "value": null,
        "unit": "백만원"
    },
    "likes": 524,
    "benefits": {},
    "logo": "네비웍스.jpg",
    "majorCategory": [
        "IT·디지털 및 소프트웨어"
    ]
}