{
    "companyName": "넥스트랩",
    "headCount": 20,
    "salary": {
        "allAvg": 3845,
        "newcomerAvg": null,
        "unit": "만원"
    },
    "category": [
        "솔루션",
        "SI",
        "CRM",
        "ERP"
    ],
    "employeeRatio": {},
    "totalSales": {
        "value": null,
        "unit": "백만원"
    },
    "likes": 39,
    "benefits": {},
    "logo": "넥스트랩.png",
    "majorCategory": [
        "IT·디지털 및 소프트웨어"
    ]
}