{
    "companyName": "넥스모어시스템즈",
    "headCount": 33,
    "salary": {
        "allAvg": 4154,
        "newcomerAvg": null,
        "unit": "만원"
    },
    "category": [
        "솔루션",
        "SI",
        "CRM",
        "ERP"
    ],
    "employeeRatio": {},
    "totalSales": {
        "value": 3300,
        "unit": "백만원"
    },
    "likes": 86,
    "benefits": {},
    "logo": "넥스모어시스템즈.jpg",
    "majorCategory": [
        "IT·디지털 및 소프트웨어"
    ]
}