{
    "companyName": "네이블",
    "headCount": 112,
    "salary": {
        "allAvg": 6620,
        "newcomerAvg": 4000,
        "unit": "만원"
    },
    "category": [
        "솔루션",
        "SI",
        "CRM",
        "ERP"
    ],
    "employeeRatio": {
        "male": 83,
        "female": 17
    },
    "totalSales": {
        "value": 21500,
        "unit": "백만원"
    },
    "likes": 329,
    "benefits": {},
    "logo": "네이블.png",
    "majorCategory": [
        "IT·디지털 및 소프트웨어"
    ]
}