{
    "companyName": "네오티스",
    "headCount": 36,
    "salary": {
        "allAvg": 4185,
        "newcomerAvg": null,
        "unit": "만원"
    },
    "category": [
        "솔루션",
        "SI",
        "CRM",
        "ERP"
    ],
    "employeeRatio": {},
    "totalSales": {
        "value": 13819,
        "unit": "백만원"
    },
    "likes": 256,
    "benefits": {},
    "logo": "네오티스.png",
    "majorCategory": [
        "IT·디지털 및 소프트웨어"
    ]
}