{
    "companyName": "네이즈",
    "headCount": 25,
    "salary": {
        "allAvg": 4935,
        "newcomerAvg": 3400,
        "unit": "만원"
    },
    "category": [
        "솔루션",
        "SI",
        "CRM",
        "ERP"
    ],
    "employeeRatio": {},
    "totalSales": {
        "value": 10800,
        "unit": "백만원"
    },
    "likes": 167,
    "benefits": {},
    "logo": "네이즈.png",
    "majorCategory": [
        "IT·디지털 및 소프트웨어"
    ]
}