{
    "companyName": "녹수텍스테리어",
    "headCount": 30,
    "salary": {
        "allAvg": 3794,
        "newcomerAvg": null,
        "unit": "만원"
    },
    "category": [
        "생활용품",
        "소비재",
        "기타"
    ],
    "employeeRatio": {},
    "totalSales": {
        "value": 2220,
        "unit": "백만원"
    },
    "likes": 45,
    "benefits": {},
    "logo": "녹수텍스테리어(로고없음).jpg",
    "majorCategory": [
        "기타·공공",
        "유통·소매·물류"
    ]
}