{
    "companyName": "네오아이씨피",
    "headCount": 45,
    "salary": {
        "allAvg": 4048,
        "newcomerAvg": null,
        "unit": "만원"
    },
    "category": [
        "컴퓨터",
        "하드웨어",
        "장비"
    ],
    "employeeRatio": {},
    "totalSales": {
        "value": 21000,
        "unit": "백만원"
    },
    "likes": 184,
    "benefits": {},
    "logo": "네오아이씨피.png",
    "majorCategory": [
        "IT·디지털 및 소프트웨어",
        "제조·기계·산업"
    ]
}