{
    "companyName": "네오오토",
    "headCount": 550,
    "salary": {
        "allAvg": 6436,
        "newcomerAvg": 5200,
        "unit": "만원"
    },
    "category": [
        "자동차",
        "조선",
        "철강",
        "항공"
    ],
    "employeeRatio": {
        "male": 94,
        "female": 6
    },
    "totalSales": {
        "value": 400000,
        "unit": "백만원"
    },
    "likes": 159,
    "benefits": {},
    "logo": "네오오토.jpg",
    "majorCategory": [
        "제조·기계·산업",
        "운송·정비·서비스"
    ]
}