{
    "companyName": "넷마블네오",
    "headCount": 579,
    "salary": {
        "allAvg": 6561,
        "newcomerAvg": 5400,
        "unit": "만원"
    },
    "category": [
        "게임",
        "애니메이션"
    ],
    "employeeRatio": {
        "male": 70,
        "female": 30
    },
    "totalSales": {
        "value": 55270,
        "unit": "백만원"
    },
    "likes": 668,
    "benefits": {
        "title": "복리후생",
        "sections": [
            {
                "head": "연금·보험",
                "body": [
                    "국민연금",
                    "고용보험",
                    "산재보험",
                    "건강보험"
                ]
            },
            {
                "head": "휴무·휴가·행사",
                "body": [
                    "주5일제",
                    "연차제도",
                    "월차제도",
                    "경조휴가",
                    "반차제도",
                    "포상휴가",
                    "출산휴가",
                    "육아휴직",
                    "남성출산휴가",
                    "보건휴가",
                    "창립일 휴무"
                ]
            },
            {
                "head": "보상·수당·지원",
                "body": [
                    "퇴직금",
                    "경조금",
                    "인센티브",
                    "장기근속 포상",
                    "우수사원 포상제도",
                    "가족 의료비 지원",
                    "야간근로수당",
                    "휴일근로수당",
                    "명절선물/명절상여",
                    "주차 지원",
                    "야간교통비 지급",
                    "성과급",
                    "보육수당",
                    "복리후생 지원",
                    "임직원 할인"
                ]
            },
            {
                "head": "사내시설",
                "body": [
                    "헬스시설",
                    "카페테리아",
                    "수유실",
                    "흡연공간"
                ]
            },
            {
                "head": "편의·여가·건강",
                "body": [
                    "점심 식사 지원"
                ]
            }
        ]
    },
    "logo": "넷마블네오.jpg",
    "majorCategory": [
        "미디어·엔터테인먼트·문화"
    ]
}