{
    "companyName": "넷꼬모",
    "headCount": 12,
    "salary": {
        "allAvg": 2166,
        "newcomerAvg": null,
        "unit": "만원"
    },
    "category": [
        "솔루션",
        "SI",
        "CRM",
        "ERP"
    ],
    "employeeRatio": {},
    "totalSales": {
        "value": 2800,
        "unit": "백만원"
    },
    "likes": 28,
    "benefits": {},
    "logo": "넷꼬모.gif",
    "majorCategory": [
        "IT·디지털 및 소프트웨어"
    ]
}