{
    "companyName": "넷앤드",
    "headCount": 190,
    "salary": {
        "allAvg": 4409,
        "newcomerAvg": null,
        "unit": "만원"
    },
    "category": [
        "솔루션",
        "SI",
        "CRM",
        "ERP"
    ],
    "employeeRatio": {},
    "totalSales": {
        "value": 24000,
        "unit": "백만원"
    },
    "likes": 673,
    "benefits": {},
    "logo": "넷앤드.png",
    "majorCategory": [
        "IT·디지털 및 소프트웨어"
    ]
}