{
    "companyName": "네시삼십삼분",
    "headCount": null,
    "salary": {
        "allAvg": 5515,
        "newcomerAvg": 4900,
        "unit": "만원"
    },
    "category": [
        "게임",
        "애니메이션"
    ],
    "employeeRatio": {},
    "totalSales": {
        "value": 4940,
        "unit": "백만원"
    },
    "likes": 527,
    "benefits": {},
    "logo": "네시삼십삼분.png",
    "majorCategory": [
        "미디어·엔터테인먼트·문화"
    ]
}