{
    "companyName": "넥센타이어",
    "headCount": 4260,
    "salary": {
        "allAvg": 7649,
        "newcomerAvg": 4704,
        "unit": "만원"
    },
    "category": [
        "자동차",
        "조선",
        "철강",
        "항공"
    ],
    "employeeRatio": {
        "male": 96,
        "female": 4
    },
    "totalSales": {
        "value": 2084300,
        "unit": "백만원"
    },
    "likes": 1763,
    "benefits": {},
    "logo": "넥센타이어.gif",
    "majorCategory": [
        "제조·기계·산업",
        "운송·정비·서비스"
    ]
}