{
    "companyName": "녹십자의료재단",
    "headCount": 400,
    "salary": {
        "allAvg": 5568,
        "newcomerAvg": 3000,
        "unit": "만원"
    },
    "category": [
        "제약",
        "보건",
        "바이오"
    ],
    "employeeRatio": {},
    "totalSales": {
        "value": 58670,
        "unit": "백만원"
    },
    "likes": 989,
    "benefits": {},
    "logo": "녹십자의료재단.png",
    "majorCategory": [
        "의료·보건·복지"
    ]
}