{
    "companyName": "농심",
    "headCount": 5461,
    "salary": {
        "allAvg": 5800,
        "newcomerAvg": 4251,
        "unit": "만원"
    },
    "category": [
        "음식료",
        "외식",
        "프랜차이즈"
    ],
    "employeeRatio": {
        "male": 44,
        "female": 56
    },
    "totalSales": {
        "value": 2005300,
        "unit": "백만원"
    },
    "likes": 10258,
    "benefits": {
        "title": "복리후생",
        "sections": [
            {
                "head": "연금·보험",
                "body": [
                    "국민연금",
                    "고용보험",
                    "산재보험",
                    "건강보험"
                ]
            },
            {
                "head": "휴무·휴가·행사",
                "body": [
                    "주5일제",
                    "연차제도"
                ]
            },
            {
                "head": "보상·수당·지원",
                "body": [
                    "퇴직금",
                    "경조금"
                ]
            },
            {
                "head": "편의·여가·건강",
                "body": [
                    "점심 식사 지원",
                    "근무복 지원"
                ]
            },
            {
                "head": "기타",
                "body": [
                    "연3회 선물지급(근로자의 날, 창립기념일, 생일)"
                ]
            }
        ]
    },
    "logo": "농심.jpg",
    "majorCategory": [
        "유통·소매·물류",
        "숙박·여행·외식·레저"
    ]
}