{
    "companyName": "넵코어스",
    "headCount": 170,
    "salary": {
        "allAvg": 4992,
        "newcomerAvg": null,
        "unit": "만원"
    },
    "category": [
        "전기",
        "전자",
        "제어"
    ],
    "employeeRatio": {
        "male": 81,
        "female": 19
    },
    "totalSales": {
        "value": 31400,
        "unit": "백만원"
    },
    "likes": 207,
    "benefits": {},
    "logo": "넵코어스.jpg",
    "majorCategory": [
        "제조·기계·산업"
    ]
}