{
    "companyName": "농협하나로유통",
    "headCount": 2172,
    "salary": {
        "allAvg": 3995,
        "newcomerAvg": null,
        "unit": "만원"
    },
    "category": [
        "백화점",
        "유통",
        "도소매"
    ],
    "employeeRatio": {},
    "totalSales": {
        "value": 1091500,
        "unit": "백만원"
    },
    "likes": 434,
    "benefits": {},
    "logo": "농협하나로유통.jpg",
    "majorCategory": [
        "유통·소매·물류"
    ]
}