{
    "companyName": "넷츠",
    "headCount": 130,
    "salary": {
        "allAvg": 5426,
        "newcomerAvg": 3100,
        "unit": "만원"
    },
    "category": [
        "솔루션",
        "SI",
        "CRM",
        "ERP"
    ],
    "employeeRatio": {},
    "totalSales": {
        "value": 18500,
        "unit": "백만원"
    },
    "likes": 49,
    "benefits": {},
    "logo": "넷츠.png",
    "majorCategory": [
        "IT·디지털 및 소프트웨어"
    ]
}