{
    "companyName": "네오게임즈",
    "headCount": 43,
    "salary": {
        "allAvg": 4643,
        "newcomerAvg": 3500,
        "unit": "만원"
    },
    "category": [
        "솔루션",
        "SI",
        "CRM",
        "ERP"
    ],
    "employeeRatio": {},
    "totalSales": {
        "value": 8000,
        "unit": "백만원"
    },
    "likes": 248,
    "benefits": {},
    "logo": "네오게임즈.jpg",
    "majorCategory": [
        "IT·디지털 및 소프트웨어"
    ]
}