{
    "companyName": "네이버시스템",
    "headCount": 337,
    "salary": {
        "allAvg": 4288,
        "newcomerAvg": 2963,
        "unit": "만원"
    },
    "category": [
        "솔루션",
        "SI",
        "CRM",
        "ERP"
    ],
    "employeeRatio": {},
    "totalSales": {
        "value": 78650,
        "unit": "백만원"
    },
    "likes": 825,
    "benefits": {},
    "logo": "네이버시스템.jpg",
    "majorCategory": [
        "IT·디지털 및 소프트웨어"
    ]
}