{
    "companyName": "넥센",
    "headCount": 777,
    "salary": {
        "allAvg": 5636,
        "newcomerAvg": 5067,
        "unit": "만원"
    },
    "category": [
        "자동차",
        "조선",
        "철강",
        "항공"
    ],
    "employeeRatio": {
        "male": 89,
        "female": 11
    },
    "totalSales": {
        "value": 75920,
        "unit": "백만원"
    },
    "likes": 1054,
    "benefits": {},
    "logo": "넥센.gif",
    "majorCategory": [
        "제조·기계·산업",
        "운송·정비·서비스"
    ]
}