{
    "companyName": "남성해운",
    "headCount": 247,
    "salary": {
        "allAvg": 6873,
        "newcomerAvg": null,
        "unit": "만원"
    },
    "category": [
        "물류",
        "운송",
        "배송"
    ],
    "employeeRatio": {},
    "totalSales": {
        "value": 2020,
        "unit": "백만원"
    },
    "likes": 547,
    "benefits": {},
    "logo": "남성해운.jpg",
    "majorCategory": [
        "운송·정비·서비스",
        "유통·소매·물류"
    ]
}