{
    "companyName": "넥서스커뮤니티",
    "headCount": 94,
    "salary": {
        "allAvg": 4397,
        "newcomerAvg": null,
        "unit": "만원"
    },
    "category": [
        "솔루션",
        "SI",
        "CRM",
        "ERP"
    ],
    "employeeRatio": {},
    "totalSales": {
        "value": 15900,
        "unit": "백만원"
    },
    "likes": 499,
    "benefits": {},
    "logo": "넥서스커뮤니티.png",
    "majorCategory": [
        "IT·디지털 및 소프트웨어"
    ]
}