{
    "companyName": "네오정보시스템",
    "headCount": 45,
    "salary": {
        "allAvg": 5157,
        "newcomerAvg": null,
        "unit": "만원"
    },
    "category": [
        "컴퓨터",
        "하드웨어",
        "장비"
    ],
    "employeeRatio": {},
    "totalSales": {
        "value": 20000,
        "unit": "백만원"
    },
    "likes": 83,
    "benefits": {},
    "logo": "네오정보시스템.jpg",
    "majorCategory": [
        "IT·디지털 및 소프트웨어",
        "제조·기계·산업"
    ]
}