{
    "companyName": "넥스콘테크놀러지",
    "headCount": 200,
    "salary": {
        "allAvg": 3862,
        "newcomerAvg": 3267,
        "unit": "만원"
    },
    "category": [
        "전기",
        "전자",
        "제어"
    ],
    "employeeRatio": {
        "male": 78,
        "female": 22
    },
    "totalSales": {
        "value": 295100,
        "unit": "백만원"
    },
    "likes": 392,
    "benefits": {},
    "logo": "넥스콘테크놀러지.JPG",
    "majorCategory": [
        "제조·기계·산업"
    ]
}