{
    "companyName": "넥스그리드",
    "headCount": 30,
    "salary": {
        "allAvg": 4088,
        "newcomerAvg": 3000,
        "unit": "만원"
    },
    "category": [
        "솔루션",
        "SI",
        "CRM",
        "ERP"
    ],
    "employeeRatio": {},
    "totalSales": {
        "value": 2100,
        "unit": "백만원"
    },
    "likes": 71,
    "benefits": {},
    "logo": "넥스그리드.jpg",
    "majorCategory": [
        "IT·디지털 및 소프트웨어"
    ]
}