{
    "companyName": "넷솔테크",
    "headCount": 65,
    "salary": {
        "allAvg": 4739,
        "newcomerAvg": 4000,
        "unit": "만원"
    },
    "category": [
        "네트워크",
        "통신서비스"
    ],
    "employeeRatio": {},
    "totalSales": {
        "value": 39200,
        "unit": "백만원"
    },
    "likes": 155,
    "benefits": {},
    "logo": "넷솔테크.jpg",
    "majorCategory": [
        "IT·디지털 및 소프트웨어"
    ]
}