{
    "companyName": "넥스젠어쏘시에이트",
    "headCount": 42,
    "salary": {
        "allAvg": 2906,
        "newcomerAvg": null,
        "unit": "만원"
    },
    "category": [
        "솔루션",
        "SI",
        "CRM",
        "ERP"
    ],
    "employeeRatio": {},
    "totalSales": {
        "value": 3810,
        "unit": "백만원"
    },
    "likes": 33,
    "benefits": {},
    "logo": "넥스젠어쏘시에이트.jpg",
    "majorCategory": [
        "IT·디지털 및 소프트웨어"
    ]
}