{
    "companyName": "녹원정보기술",
    "headCount": 28,
    "salary": {
        "allAvg": 4272,
        "newcomerAvg": 3000,
        "unit": "만원"
    },
    "category": [
        "솔루션",
        "SI",
        "CRM",
        "ERP"
    ],
    "employeeRatio": {},
    "totalSales": {
        "value": 1400,
        "unit": "백만원"
    },
    "likes": 57,
    "benefits": {},
    "logo": "녹원정보기술.png",
    "majorCategory": [
        "IT·디지털 및 소프트웨어"
    ]
}