{
    "companyName": "네오드림스",
    "headCount": 28,
    "salary": {
        "allAvg": 4523,
        "newcomerAvg": 3440,
        "unit": "만원"
    },
    "category": [
        "솔루션",
        "SI",
        "CRM",
        "ERP"
    ],
    "employeeRatio": {},
    "totalSales": {
        "value": 3820,
        "unit": "백만원"
    },
    "likes": 51,
    "benefits": {},
    "logo": "네오드림스.jpg",
    "majorCategory": [
        "IT·디지털 및 소프트웨어"
    ]
}