{
    "companyName": "네이트커뮤니케이션즈",
    "headCount": 300,
    "salary": {
        "allAvg": 5274,
        "newcomerAvg": 3200,
        "unit": "만원"
    },
    "category": [
        "포털",
        "컨텐츠",
        "커뮤니티"
    ],
    "employeeRatio": {
        "male": 59,
        "female": 41
    },
    "totalSales": {
        "value": 28410,
        "unit": "백만원"
    },
    "likes": 3598,
    "benefits": {
        "title": "복리후생",
        "sections": [
            {
                "head": "연금·보험",
                "body": [
                    "국민연금",
                    "고용보험",
                    "산재보험",
                    "건강보험"
                ]
            }
        ]
    },
    "logo": "네이트커뮤니케이션즈.png",
    "majorCategory": [
        "인터넷·커뮤니티·포털·디지털 컨텐츠"
    ]
}