{
    "companyName": "내담씨앤씨",
    "headCount": 128,
    "salary": {
        "allAvg": 3652,
        "newcomerAvg": 3500,
        "unit": "만원"
    },
    "category": [
        "솔루션",
        "SI",
        "CRM",
        "ERP"
    ],
    "employeeRatio": {},
    "totalSales": {
        "value": 26700,
        "unit": "백만원"
    },
    "likes": 218,
    "benefits": {},
    "logo": "내담씨앤씨.jpg",
    "majorCategory": [
        "IT·디지털 및 소프트웨어"
    ]
}