{
    "companyName": "녹십자엠에스",
    "headCount": 138,
    "salary": {
        "allAvg": 5300,
        "newcomerAvg": null,
        "unit": "만원"
    },
    "category": [
        "제약",
        "보건",
        "바이오"
    ],
    "employeeRatio": {
        "male": 77,
        "female": 23
    },
    "totalSales": {
        "value": 94060,
        "unit": "백만원"
    },
    "likes": 219,
    "benefits": {},
    "logo": "녹십자엠에스.jpg",
    "majorCategory": [
        "의료·보건·복지"
    ]
}