{
    "companyName": "던필드알파",
    "headCount": 250,
    "salary": {
        "allAvg": 4188,
        "newcomerAvg": 2750,
        "unit": "만원"
    },
    "category": [
        "섬유",
        "의류",
        "패션"
    ],
    "employeeRatio": {},
    "totalSales": {
        "value": 150000,
        "unit": "백만원"
    },
    "likes": 726,
    "benefits": {},
    "logo": "던필드알파.jpg",
    "majorCategory": [
        "제조·기계·산업",
        "유통·소매·물류"
    ]
}