{
    "companyName": "덕일산업",
    "headCount": 510,
    "salary": {
        "allAvg": 4992,
        "newcomerAvg": 4500,
        "unit": "만원"
    },
    "category": [
        "자동차",
        "조선",
        "철강",
        "항공"
    ],
    "employeeRatio": {},
    "totalSales": {
        "value": 96000,
        "unit": "백만원"
    },
    "likes": 1197,
    "benefits": {
        "title": "복리후생",
        "sections": [
            {
                "head": "연금·보험",
                "body": [
                    "국민연금",
                    "고용보험",
                    "산재보험",
                    "건강보험"
                ]
            },
            {
                "head": "휴무·휴가·행사",
                "body": [
                    "주5일제",
                    "연차제도",
                    "정기휴가",
                    "경조휴가",
                    "반차제도",
                    "출산휴가",
                    "육아휴직",
                    "남성출산휴가",
                    "노동절 휴무",
                    "체육대회",
                    "공휴일 휴무"
                ]
            },
            {
                "head": "보상·수당·지원",
                "body": [
                    "퇴직금",
                    "경조금",
                    "장기근속 포상",
                    "우수사원 포상제도",
                    "직책수당",
                    "회식비 지원",
                    "포상제도"
                ]
            },
            {
                "head": "사내제도·성장",
                "body": [
                    "리더쉽강화교육",
                    "교육/세미나/스터디"
                ]
            },
            {
                "head": "사내시설",
                "body": [
                    "기숙사 지원",
                    "구내식당",
                    "휴식공간",
                    "주차장",
                    "장애인용 주차장",
                    "휠체어용 난간",
                    "탕비실"
                ]
            },
            {
                "head": "편의·여가·건강",
                "body": [
                    "사내 동호회",
                    "출퇴근 셔틀버스",
                    "점심 식사 지원",
                    "저녁 식사 지원",
                    "아침 식사 지원",
                    "근무복 지원",
                    "식사 지원",
                    "사내 편의 서비스",
                    "음료/간식 제공"
                ]
            }
        ]
    },
    "logo": "덕일산업.Gif",
    "majorCategory": [
        "제조·기계·산업",
        "운송·정비·서비스"
    ]
}