{
    "companyName": "대원씨앤씨",
    "headCount": 113,
    "salary": {
        "allAvg": 3186,
        "newcomerAvg": null,
        "unit": "만원"
    },
    "category": [
        "솔루션",
        "SI",
        "CRM",
        "ERP"
    ],
    "employeeRatio": {},
    "totalSales": {
        "value": 36840,
        "unit": "백만원"
    },
    "likes": 746,
    "benefits": {},
    "logo": "대원씨앤씨.png",
    "majorCategory": [
        "IT·디지털 및 소프트웨어"
    ]
}