{
    "companyName": "대신증권",
    "headCount": 1361,
    "salary": {
        "allAvg": 11611,
        "newcomerAvg": 6000,
        "unit": "만원"
    },
    "category": [
        "은행",
        "금융"
    ],
    "employeeRatio": {
        "male": 58,
        "female": 42
    },
    "totalSales": {
        "value": 3090900,
        "unit": "백만원"
    },
    "likes": 1082,
    "benefits": {
        "title": "복리후생",
        "sections": [
            {
                "head": "연금·보험",
                "body": [
                    "국민연금",
                    "고용보험",
                    "산재보험",
                    "건강보험"
                ]
            }
        ]
    },
    "logo": "대신증권.png",
    "majorCategory": [
        "금융·보험"
    ]
}