{
    "companyName": "대덕",
    "headCount": 11,
    "salary": {
        "allAvg": 7663,
        "newcomerAvg": 3200,
        "unit": "만원"
    },
    "category": [
        "전기",
        "전자",
        "제어"
    ],
    "employeeRatio": {
        "male": 64,
        "female": 36
    },
    "totalSales": {
        "value": 16500,
        "unit": "백만원"
    },
    "likes": 758,
    "benefits": {},
    "logo": "대덕.jpg",
    "majorCategory": [
        "제조·기계·산업"
    ]
}