{
    "companyName": "대륜이엔에스",
    "headCount": 249,
    "salary": {
        "allAvg": 6823,
        "newcomerAvg": 3200,
        "unit": "만원"
    },
    "category": [
        "화학",
        "에너지",
        "환경"
    ],
    "employeeRatio": {},
    "totalSales": {
        "value": 65610,
        "unit": "백만원"
    },
    "likes": 502,
    "benefits": {},
    "logo": "대륜이엔에스.gif",
    "majorCategory": [
        "제조·기계·산업"
    ]
}