{
    "companyName": "대원제약",
    "headCount": 1284,
    "salary": {
        "allAvg": 8932,
        "newcomerAvg": 3798,
        "unit": "만원"
    },
    "category": [
        "제약",
        "보건",
        "바이오"
    ],
    "employeeRatio": {
        "male": 68,
        "female": 32
    },
    "totalSales": {
        "value": 690,
        "unit": "백만원"
    },
    "likes": 5447,
    "benefits": {},
    "logo": "대원제약.jpg",
    "majorCategory": [
        "의료·보건·복지"
    ]
}