{
    "companyName": "대한광통신",
    "headCount": 198,
    "salary": {
        "allAvg": 6683,
        "newcomerAvg": 4260,
        "unit": "만원"
    },
    "category": [
        "전기",
        "전자",
        "제어"
    ],
    "employeeRatio": {
        "male": 85,
        "female": 15
    },
    "totalSales": {
        "value": 23300,
        "unit": "백만원"
    },
    "likes": 370,
    "benefits": {},
    "logo": "대한광통신.jpg",
    "majorCategory": [
        "제조·기계·산업"
    ]
}