{
    "companyName": "대한항공",
    "headCount": 18143,
    "salary": {
        "allAvg": 9806,
        "newcomerAvg": 3656,
        "unit": "만원"
    },
    "category": [
        "자동차",
        "조선",
        "철강",
        "항공"
    ],
    "employeeRatio": {
        "male": 56,
        "female": 44
    },
    "totalSales": {
        "value": 14000000,
        "unit": "백만원"
    },
    "likes": 5450,
    "benefits": {},
    "logo": "대한항공.gif",
    "majorCategory": [
        "제조·기계·산업",
        "운송·정비·서비스"
    ]
}