{
    "companyName": "대웅제약",
    "headCount": 1804,
    "salary": {
        "allAvg": 7340,
        "newcomerAvg": 4350,
        "unit": "만원"
    },
    "category": [
        "제약",
        "보건",
        "바이오"
    ],
    "employeeRatio": {
        "male": 66,
        "female": 34
    },
    "totalSales": {
        "value": 1021900,
        "unit": "백만원"
    },
    "likes": 9384,
    "benefits": {},
    "logo": "대웅제약.jpg",
    "majorCategory": [
        "의료·보건·복지"
    ]
}