{
    "companyName": "대한번역개발원",
    "headCount": null,
    "salary": {
        "allAvg": 3385,
        "newcomerAvg": null,
        "unit": "만원"
    },
    "category": [
        "학원",
        "어학원",
        "교육원"
    ],
    "employeeRatio": {},
    "totalSales": {
        "value": 9700,
        "unit": "백만원"
    },
    "likes": 670,
    "benefits": {},
    "logo": "대한번역개발원.gif",
    "majorCategory": [
        "교육·연구"
    ]
}