{
    "companyName": "대림산업",
    "headCount": 4795,
    "salary": {
        "allAvg": 19265,
        "newcomerAvg": 4000,
        "unit": "만원"
    },
    "category": [
        "건설",
        "시공",
        "토목",
        "조경"
    ],
    "employeeRatio": {
        "male": 78,
        "female": 22
    },
    "totalSales": {
        "value": 11120,
        "unit": "백만원"
    },
    "likes": 4721,
    "benefits": {},
    "logo": "대림산업.jpg",
    "majorCategory": [
        "건설·부동산·인테리어"
    ]
}