{
    "companyName": "대우건설",
    "headCount": 5433,
    "salary": {
        "allAvg": 10108,
        "newcomerAvg": 3300,
        "unit": "만원"
    },
    "category": [
        "건설",
        "시공",
        "토목",
        "조경"
    ],
    "employeeRatio": {
        "male": 88,
        "female": 12
    },
    "totalSales": {
        "value": 10000000,
        "unit": "백만원"
    },
    "likes": 4766,
    "benefits": {
        "title": "복리후생",
        "sections": [
            {
                "head": "연금·보험",
                "body": [
                    "국민연금",
                    "고용보험",
                    "산재보험",
                    "건강보험"
                ]
            }
        ]
    },
    "logo": "대우건설.png",
    "majorCategory": [
        "건설·부동산·인테리어"
    ]
}