{
    "companyName": "대교씨엔에스",
    "headCount": 153,
    "salary": {
        "allAvg": 4999,
        "newcomerAvg": 3850,
        "unit": "만원"
    },
    "category": [
        "솔루션",
        "SI",
        "CRM",
        "ERP"
    ],
    "employeeRatio": {},
    "totalSales": {
        "value": 61060,
        "unit": "백만원"
    },
    "likes": 431,
    "benefits": {},
    "logo": "대교씨엔에스.JPG",
    "majorCategory": [
        "IT·디지털 및 소프트웨어"
    ]
}