{
    "companyName": "대보정보통신",
    "headCount": 930,
    "salary": {
        "allAvg": 4305,
        "newcomerAvg": 3000,
        "unit": "만원"
    },
    "category": [
        "컴퓨터",
        "하드웨어",
        "장비"
    ],
    "employeeRatio": {},
    "totalSales": {
        "value": 42680,
        "unit": "백만원"
    },
    "likes": 1457,
    "benefits": {
        "title": "복리후생",
        "sections": [
            {
                "head": "연금·보험",
                "body": [
                    "국민연금",
                    "고용보험",
                    "산재보험",
                    "건강보험"
                ]
            },
            {
                "head": "휴무·휴가·행사",
                "body": [
                    "주5일제",
                    "연차제도",
                    "창립일 휴무",
                    "창립일 행사",
                    "워크샵/MT",
                    "체육대회"
                ]
            },
            {
                "head": "보상·수당·지원",
                "body": [
                    "야간근로수당",
                    "휴일근로수당"
                ]
            },
            {
                "head": "편의·여가·건강",
                "body": [
                    "건강검진",
                    "저녁 식사 지원"
                ]
            }
        ]
    },
    "logo": "대보정보통신.png",
    "majorCategory": [
        "IT·디지털 및 소프트웨어",
        "제조·기계·산업"
    ]
}