{
    "companyName": "대상",
    "headCount": 5373,
    "salary": {
        "allAvg": 5690,
        "newcomerAvg": 3700,
        "unit": "만원"
    },
    "category": [
        "식품가공"
    ],
    "employeeRatio": {
        "male": 45,
        "female": 55
    },
    "totalSales": {
        "value": 3094900,
        "unit": "백만원"
    },
    "likes": 10664,
    "benefits": {
        "title": "복리후생",
        "sections": [
            {
                "head": "연금·보험",
                "body": [
                    "국민연금",
                    "고용보험",
                    "산재보험",
                    "건강보험"
                ]
            }
        ]
    },
    "logo": "대상.jpg",
    "majorCategory": [
        "제조·기계·산업"
    ]
}