{
    "companyName": "대신네트웍스",
    "headCount": 142,
    "salary": {
        "allAvg": 5588,
        "newcomerAvg": null,
        "unit": "만원"
    },
    "category": [
        "네트워크",
        "통신서비스"
    ],
    "employeeRatio": {},
    "totalSales": {
        "value": 20540,
        "unit": "백만원"
    },
    "likes": 54,
    "benefits": {},
    "logo": "대신네트웍스.gif",
    "majorCategory": [
        "IT·디지털 및 소프트웨어"
    ]
}