{
    "companyName": "대양전기공업",
    "headCount": 376,
    "salary": {
        "allAvg": 5498,
        "newcomerAvg": 4300,
        "unit": "만원"
    },
    "category": [
        "전기",
        "전자",
        "제어"
    ],
    "employeeRatio": {
        "male": 88,
        "female": 12
    },
    "totalSales": {
        "value": 34250,
        "unit": "백만원"
    },
    "likes": 123,
    "benefits": {},
    "logo": "대양전기공업.jpg",
    "majorCategory": [
        "제조·기계·산업"
    ]
}