{
    "companyName": "대한산업보건협회",
    "headCount": 2000,
    "salary": {
        "allAvg": 5648,
        "newcomerAvg": 3300,
        "unit": "만원"
    },
    "category": [
        "협회",
        "단체"
    ],
    "employeeRatio": {},
    "totalSales": {
        "value": null,
        "unit": "백만원"
    },
    "likes": 1511,
    "benefits": {
        "title": "복리후생",
        "sections": [
            {
                "head": "연금·보험",
                "body": [
                    "국민연금",
                    "고용보험",
                    "산재보험",
                    "건강보험",
                    "퇴직연금",
                    "상해보험"
                ]
            },
            {
                "head": "휴무·휴가·행사",
                "body": [
                    "연차제도",
                    "반차제도",
                    "리프레시 휴가",
                    "출산휴가",
                    "육아휴직",
                    "남성출산휴가",
                    "보건휴가",
                    "창립일 휴무",
                    "노동절 휴무",
                    "공휴일 휴무",
                    "생일 이벤트",
                    "자유로운 휴가문화",
                    "주말 휴무"
                ]
            },
            {
                "head": "보상·수당·지원",
                "body": [
                    "퇴직금",
                    "자녀교육비",
                    "우수사원 포상제도",
                    "임직원 교육비",
                    "휴일근로수당",
                    "직책수당",
                    "자격증 수당",
                    "장기근속수당",
                    "가족수당",
                    "성과급",
                    "통신비",
                    "교통비",
                    "복지포인트",
                    "연장근로수당",
                    "웰컴키트"
                ]
            },
            {
                "head": "사내시설",
                "body": [
                    "헬스시설",
                    "의무실",
                    "주차장",
                    "숙직/당직실",
                    "여성전용휴게실",
                    "샤워실",
                    "흡연공간",
                    "장애인용 주차장",
                    "장애인용 승강기",
                    "장애인용 화장실",
                    "안마실/안마의자",
                    "전용사옥",
                    "탕비실"
                ]
            }
        ]
    },
    "logo": "대한산업보건협회.jpg",
    "majorCategory": [
        "기타·공공"
    ]
}