{
    "companyName": "대화연료펌프",
    "headCount": 60,
    "salary": {
        "allAvg": 3265,
        "newcomerAvg": null,
        "unit": "만원"
    },
    "category": [
        "자동차",
        "조선",
        "철강",
        "항공"
    ],
    "employeeRatio": {},
    "totalSales": {
        "value": 10870,
        "unit": "백만원"
    },
    "likes": 277,
    "benefits": {},
    "logo": "대화연료펌프.jpg",
    "majorCategory": [
        "제조·기계·산업",
        "운송·정비·서비스"
    ]
}