{
    "companyName": "대동공업",
    "headCount": 1009,
    "salary": {
        "allAvg": 7318,
        "newcomerAvg": 4980,
        "unit": "만원"
    },
    "category": [
        "기계",
        "기계설비"
    ],
    "employeeRatio": {
        "male": 95,
        "female": 5
    },
    "totalSales": {
        "value": 1032800,
        "unit": "백만원"
    },
    "likes": 2754,
    "benefits": {
        "title": "복리후생",
        "sections": [
            {
                "head": "연금·보험",
                "body": [
                    "국민연금",
                    "고용보험",
                    "산재보험",
                    "건강보험"
                ]
            },
            {
                "head": "휴무·휴가·행사",
                "body": [
                    "주5일제",
                    "연차제도",
                    "월차제도",
                    "정기휴가",
                    "경조휴가",
                    "리프레시 휴가",
                    "출산휴가",
                    "육아휴직",
                    "남성출산휴가",
                    "창립일 휴무",
                    "노동절 휴무",
                    "워크샵/MT",
                    "체육대회",
                    "야유회"
                ]
            },
            {
                "head": "보상·수당·지원",
                "body": [
                    "퇴직금",
                    "경조금",
                    "자녀교육비",
                    "차량유류비",
                    "장기근속 포상",
                    "가족 의료비 지원",
                    "휴일근로수당",
                    "연월차제도수당",
                    "직책수당",
                    "명절선물/명절상여",
                    "휴가비"
                ]
            },
            {
                "head": "사내제도·성장",
                "body": [
                    "신입 사원 교육",
                    "직무능력향상교육",
                    "해외주재원"
                ]
            },
            {
                "head": "사내시설",
                "body": [
                    "구내식당",
                    "휴식공간",
                    "헬스시설"
                ]
            },
            {
                "head": "편의·여가·건강",
                "body": [
                    "사내 동호회",
                    "출퇴근 셔틀버스",
                    "건강검진",
                    "점심 식사 지원",
                    "저녁 식사 지원",
                    "근무복 지원"
                ]
            }
        ]
    },
    "logo": "대동공업.jpg",
    "majorCategory": [
        "제조·기계·산업"
    ]
}