{
    "companyName": "대호아이엔티",
    "headCount": 6,
    "salary": {
        "allAvg": 3320,
        "newcomerAvg": null,
        "unit": "만원"
    },
    "category": [
        "전기",
        "전자",
        "제어"
    ],
    "employeeRatio": {},
    "totalSales": {
        "value": 600,
        "unit": "백만원"
    },
    "likes": 45,
    "benefits": {},
    "logo": "대호아이엔티.jpg",
    "majorCategory": [
        "제조·기계·산업"
    ]
}