{
    "companyName": "대화감정평가법인",
    "headCount": 450,
    "salary": {
        "allAvg": 5659,
        "newcomerAvg": 3163,
        "unit": "만원"
    },
    "category": [
        "부동산",
        "중개",
        "임대"
    ],
    "employeeRatio": {},
    "totalSales": {
        "value": null,
        "unit": "백만원"
    },
    "likes": 136,
    "benefits": {},
    "logo": "대화감정평가법인(로고없음).jpg",
    "majorCategory": [
        "건설·부동산·인테리어"
    ]
}