{
    "companyName": "대성정보시스템",
    "headCount": 7,
    "salary": {
        "allAvg": 3671,
        "newcomerAvg": null,
        "unit": "만원"
    },
    "category": [
        "컴퓨터",
        "하드웨어",
        "장비"
    ],
    "employeeRatio": {},
    "totalSales": {
        "value": 2470,
        "unit": "백만원"
    },
    "likes": 9,
    "benefits": {},
    "logo": "대성정보시스템.png",
    "majorCategory": [
        "IT·디지털 및 소프트웨어",
        "제조·기계·산업"
    ]
}