{
    "companyName": "대한네트웍스",
    "headCount": 28,
    "salary": {
        "allAvg": 6174,
        "newcomerAvg": null,
        "unit": "만원"
    },
    "category": [
        "물류",
        "운송",
        "배송"
    ],
    "employeeRatio": {},
    "totalSales": {
        "value": 43420,
        "unit": "백만원"
    },
    "likes": 63,
    "benefits": {},
    "logo": "대한네트웍스.jpg",
    "majorCategory": [
        "운송·정비·서비스",
        "유통·소매·물류"
    ]
}