{
    "companyName": "대한무역투자진흥공사",
    "headCount": null,
    "salary": {
        "allAvg": 8910,
        "newcomerAvg": 3558,
        "unit": "만원"
    },
    "category": [
        "공기업",
        "공공기관"
    ],
    "employeeRatio": {},
    "totalSales": {
        "value": 38830,
        "unit": "백만원"
    },
    "likes": 9313,
    "benefits": {},
    "logo": "대한무역투자진흥공사.gif",
    "majorCategory": [
        "기타·공공"
    ]
}