{
    "companyName": "대흥데이타통신",
    "headCount": 20,
    "salary": {
        "allAvg": 3821,
        "newcomerAvg": null,
        "unit": "만원"
    },
    "category": [
        "네트워크",
        "통신서비스"
    ],
    "employeeRatio": {},
    "totalSales": {
        "value": 3000,
        "unit": "백만원"
    },
    "likes": 77,
    "benefits": {},
    "logo": "대흥데이타통신.jpg",
    "majorCategory": [
        "IT·디지털 및 소프트웨어"
    ]
}