{
    "companyName": "대신통신기술",
    "headCount": 100,
    "salary": {
        "allAvg": 4644,
        "newcomerAvg": 2943,
        "unit": "만원"
    },
    "category": [
        "네트워크",
        "통신서비스"
    ],
    "employeeRatio": {},
    "totalSales": {
        "value": 16000,
        "unit": "백만원"
    },
    "likes": 185,
    "benefits": {},
    "logo": "대신통신기술.gif",
    "majorCategory": [
        "IT·디지털 및 소프트웨어"
    ]
}