{
    "companyName": "대유넥스티어",
    "headCount": 113,
    "salary": {
        "allAvg": 4461,
        "newcomerAvg": 3750,
        "unit": "만원"
    },
    "category": [
        "솔루션",
        "SI",
        "CRM",
        "ERP"
    ],
    "employeeRatio": {},
    "totalSales": {
        "value": 17080,
        "unit": "백만원"
    },
    "likes": 53,
    "benefits": {},
    "logo": "대유넥스티어(로고없음).jpg",
    "majorCategory": [
        "IT·디지털 및 소프트웨어"
    ]
}