{
    "companyName": "대성정보기술",
    "headCount": 35,
    "salary": {
        "allAvg": 3724,
        "newcomerAvg": null,
        "unit": "만원"
    },
    "category": [
        "컴퓨터",
        "하드웨어",
        "장비"
    ],
    "employeeRatio": {},
    "totalSales": {
        "value": 4900,
        "unit": "백만원"
    },
    "likes": 30,
    "benefits": {},
    "logo": "대성정보기술.png",
    "majorCategory": [
        "IT·디지털 및 소프트웨어",
        "제조·기계·산업"
    ]
}