{
    "companyName": "대연씨앤아이",
    "headCount": 25,
    "salary": {
        "allAvg": 4174,
        "newcomerAvg": 3500,
        "unit": "만원"
    },
    "category": [
        "전기",
        "전자",
        "제어"
    ],
    "employeeRatio": {},
    "totalSales": {
        "value": 9080,
        "unit": "백만원"
    },
    "likes": 105,
    "benefits": {},
    "logo": "대연씨앤아이.jpg",
    "majorCategory": [
        "제조·기계·산업"
    ]
}