{
    "companyName": "대원미디어",
    "headCount": 232,
    "salary": {
        "allAvg": 5181,
        "newcomerAvg": 3200,
        "unit": "만원"
    },
    "category": [
        "방송",
        "케이블",
        "프로덕션"
    ],
    "employeeRatio": {
        "male": 42,
        "female": 58
    },
    "totalSales": {
        "value": 26300,
        "unit": "백만원"
    },
    "likes": 6245,
    "benefits": {
        "title": "복리후생",
        "sections": [
            {
                "head": "연금·보험",
                "body": [
                    "국민연금",
                    "고용보험",
                    "산재보험",
                    "건강보험",
                    "퇴직연금"
                ]
            },
            {
                "head": "휴무·휴가·행사",
                "body": [
                    "주5일제",
                    "연차제도",
                    "경조휴가",
                    "반차제도",
                    "출산휴가",
                    "육아휴직",
                    "남성출산휴가",
                    "창립일 휴무",
                    "노동절 휴무",
                    "창립일 행사"
                ]
            },
            {
                "head": "보상·수당·지원",
                "body": [
                    "퇴직금",
                    "경조금",
                    "장기근속 포상",
                    "우수사원 포상제도",
                    "직책수당",
                    "각종 기념일 선물",
                    "휴가비",
                    "복리후생 지원",
                    "임직원 할인"
                ]
            },
            {
                "head": "편의·여가·건강",
                "body": [
                    "사내 동호회",
                    "건강검진"
                ]
            }
        ]
    },
    "logo": "대원미디어.jpg",
    "majorCategory": [
        "미디어·엔터테인먼트·문화"
    ]
}