{
    "companyName": "대구디지털산업진흥원",
    "headCount": 62,
    "salary": {
        "allAvg": 4552,
        "newcomerAvg": null,
        "unit": "만원"
    },
    "category": [
        "협회",
        "단체"
    ],
    "employeeRatio": {},
    "totalSales": {
        "value": 2070,
        "unit": "백만원"
    },
    "likes": 192,
    "benefits": {},
    "logo": "대구디지털산업진흥원.jpg",
    "majorCategory": [
        "기타·공공"
    ]
}