{
    "companyName": "대림인서트산업",
    "headCount": 24,
    "salary": {
        "allAvg": 4117,
        "newcomerAvg": null,
        "unit": "만원"
    },
    "category": [
        "섬유",
        "의류",
        "패션"
    ],
    "employeeRatio": {},
    "totalSales": {
        "value": null,
        "unit": "백만원"
    },
    "likes": 30,
    "benefits": {},
    "logo": "대림인서트산업.jpg",
    "majorCategory": [
        "제조·기계·산업",
        "유통·소매·물류"
    ]
}