{
    "companyName": "대주기계",
    "headCount": 110,
    "salary": {
        "allAvg": 4389,
        "newcomerAvg": null,
        "unit": "만원"
    },
    "category": [
        "기계",
        "기계설비"
    ],
    "employeeRatio": {},
    "totalSales": {
        "value": 26110,
        "unit": "백만원"
    },
    "likes": 226,
    "benefits": {
        "title": "복리후생",
        "sections": [
            {
                "head": "연금·보험",
                "body": [
                    "국민연금",
                    "고용보험",
                    "산재보험",
                    "건강보험",
                    "퇴직연금",
                    "상해보험"
                ]
            },
            {
                "head": "보상·수당·지원",
                "body": [
                    "경조금",
                    "자녀교육비",
                    "사내대출",
                    "우수사원 포상제도",
                    "가족 의료비 지원",
                    "자기개발 지원",
                    "휴일근로수당",
                    "명절선물/명절상여",
                    "도서 구입비 지원",
                    "주거비 지원"
                ]
            },
            {
                "head": "사내시설",
                "body": [
                    "기숙사 지원",
                    "구내식당",
                    "휴식공간",
                    "헬스시설",
                    "수면실"
                ]
            },
            {
                "head": "편의·여가·건강",
                "body": [
                    "건강검진",
                    "점심 식사 지원",
                    "저녁 식사 지원",
                    "아침 식사 지원",
                    "휴양시설"
                ]
            },
            {
                "head": "기타",
                "body": [
                    "명절선물",
                    "회의실",
                    "생일선물/파티",
                    "공기청정기",
                    "전용 사옥"
                ]
            }
        ]
    },
    "logo": "대주기계.jpg",
    "majorCategory": [
        "제조·기계·산업"
    ]
}