{
    "companyName": "대한제당",
    "headCount": 295,
    "salary": {
        "allAvg": 6698,
        "newcomerAvg": 4500,
        "unit": "만원"
    },
    "category": [
        "생활용품",
        "소비재",
        "기타"
    ],
    "employeeRatio": {
        "male": 82,
        "female": 18
    },
    "totalSales": {
        "value": 1003400,
        "unit": "백만원"
    },
    "likes": 2065,
    "benefits": {},
    "logo": "대한제당.gif",
    "majorCategory": [
        "기타·공공",
        "유통·소매·물류"
    ]
}