{
    "companyName": "대한과학",
    "headCount": 117,
    "salary": {
        "allAvg": 4723,
        "newcomerAvg": 3750,
        "unit": "만원"
    },
    "category": [
        "무역",
        "상사"
    ],
    "employeeRatio": {
        "male": 69,
        "female": 31
    },
    "totalSales": {
        "value": 72300,
        "unit": "백만원"
    },
    "likes": 407,
    "benefits": {},
    "logo": "대한과학.jpg",
    "majorCategory": [
        "기타·공공",
        "유통·소매·물류"
    ]
}