{
    "companyName": "대주전자재료",
    "headCount": 332,
    "salary": {
        "allAvg": 5728,
        "newcomerAvg": 4400,
        "unit": "만원"
    },
    "category": [
        "전기",
        "전자",
        "제어"
    ],
    "employeeRatio": {
        "male": 87,
        "female": 13
    },
    "totalSales": {
        "value": 33470,
        "unit": "백만원"
    },
    "likes": 260,
    "benefits": {},
    "logo": "대주전자재료.JPG",
    "majorCategory": [
        "제조·기계·산업"
    ]
}