{
    "companyName": "대홍기획",
    "headCount": 250,
    "salary": {
        "allAvg": 4847,
        "newcomerAvg": 3200,
        "unit": "만원"
    },
    "category": [
        "광고",
        "홍보",
        "전시"
    ],
    "employeeRatio": {},
    "totalSales": {
        "value": null,
        "unit": "백만원"
    },
    "likes": 1437,
    "benefits": {},
    "logo": "대홍기획.gif",
    "majorCategory": [
        "광고·마케팅 및 전문서비스",
        "미디어·엔터테인먼트·문화"
    ]
}