{
    "companyName": "대길통상",
    "headCount": 90,
    "salary": {
        "allAvg": 4378,
        "newcomerAvg": null,
        "unit": "만원"
    },
    "category": [
        "금속",
        "재료",
        "자재"
    ],
    "employeeRatio": {},
    "totalSales": {
        "value": 9660,
        "unit": "백만원"
    },
    "likes": 60,
    "benefits": {},
    "logo": "대길통상(로고없음).jpg",
    "majorCategory": [
        "제조·기계·산업"
    ]
}