{
    "companyName": "대원메디테크",
    "headCount": 45,
    "salary": {
        "allAvg": 3406,
        "newcomerAvg": null,
        "unit": "만원"
    },
    "category": [
        "제약",
        "보건",
        "바이오"
    ],
    "employeeRatio": {},
    "totalSales": {
        "value": 4200,
        "unit": "백만원"
    },
    "likes": 67,
    "benefits": {},
    "logo": "대원메디테크.png",
    "majorCategory": [
        "의료·보건·복지"
    ]
}