{
    "companyName": "대성산업",
    "headCount": 380,
    "salary": {
        "allAvg": 5196,
        "newcomerAvg": 4150,
        "unit": "만원"
    },
    "category": [
        "화학",
        "에너지",
        "환경"
    ],
    "employeeRatio": {
        "male": 85,
        "female": 15
    },
    "totalSales": {
        "value": 40700,
        "unit": "백만원"
    },
    "likes": 1205,
    "benefits": {
        "title": "복리후생",
        "sections": [
            {
                "head": "휴무·휴가·행사",
                "body": [
                    "주5일제"
                ]
            },
            {
                "head": "보상·수당·지원",
                "body": [
                    "경조금",
                    "자녀교육비",
                    "우수사원 포상제도",
                    "명절선물/명절상여",
                    "휴가비",
                    "우리사주제도"
                ]
            },
            {
                "head": "사내제도·성장",
                "body": [
                    "신입 사원 교육"
                ]
            }
        ]
    },
    "logo": "대성산업.gif",
    "majorCategory": [
        "제조·기계·산업"
    ]
}