{
    "companyName": "대신정기화물자동차",
    "headCount": 260,
    "salary": {
        "allAvg": 4690,
        "newcomerAvg": 3400,
        "unit": "만원"
    },
    "category": [
        "물류",
        "운송",
        "배송"
    ],
    "employeeRatio": {},
    "totalSales": {
        "value": 57220,
        "unit": "백만원"
    },
    "likes": 31,
    "benefits": {},
    "logo": "대신정기화물자동차(로고없음).jpg",
    "majorCategory": [
        "운송·정비·서비스",
        "유통·소매·물류"
    ]
}