{
    "companyName": "대한에프에이시스템",
    "headCount": 134,
    "salary": {
        "allAvg": 5889,
        "newcomerAvg": 5288,
        "unit": "만원"
    },
    "category": [
        "솔루션",
        "SI",
        "CRM",
        "ERP"
    ],
    "employeeRatio": {},
    "totalSales": {
        "value": 22510,
        "unit": "백만원"
    },
    "likes": 96,
    "benefits": {},
    "logo": "대한에프에이시스템.gif",
    "majorCategory": [
        "IT·디지털 및 소프트웨어"
    ]
}