{
    "companyName": "대신정보기술",
    "headCount": 34,
    "salary": {
        "allAvg": 4198,
        "newcomerAvg": null,
        "unit": "만원"
    },
    "category": [
        "네트워크",
        "통신서비스"
    ],
    "employeeRatio": {},
    "totalSales": {
        "value": 25380,
        "unit": "백만원"
    },
    "likes": 161,
    "benefits": {},
    "logo": "대신정보기술(로고없음).jpg",
    "majorCategory": [
        "IT·디지털 및 소프트웨어"
    ]
}