{
    "companyName": "대교",
    "headCount": 2272,
    "salary": {
        "allAvg": 4786,
        "newcomerAvg": 3433,
        "unit": "만원"
    },
    "category": [
        "학습지",
        "방문교육"
    ],
    "employeeRatio": {
        "male": 36,
        "female": 64
    },
    "totalSales": {
        "value": 66250,
        "unit": "백만원"
    },
    "likes": 6992,
    "benefits": {},
    "logo": "대교.jpg",
    "majorCategory": [
        "교육·연구"
    ]
}