{
    "companyName": "대곤코퍼레이션",
    "headCount": 170,
    "salary": {
        "allAvg": 4977,
        "newcomerAvg": 3391,
        "unit": "만원"
    },
    "category": [
        "전기",
        "전자",
        "제어"
    ],
    "employeeRatio": {},
    "totalSales": {
        "value": 71100,
        "unit": "백만원"
    },
    "likes": 240,
    "benefits": {},
    "logo": "대곤코퍼레이션.jpg",
    "majorCategory": [
        "제조·기계·산업"
    ]
}