{
    "companyName": "대상정보기술",
    "headCount": 151,
    "salary": {
        "allAvg": 5923,
        "newcomerAvg": 3800,
        "unit": "만원"
    },
    "category": [
        "솔루션",
        "SI",
        "CRM",
        "ERP"
    ],
    "employeeRatio": {},
    "totalSales": {
        "value": 88760,
        "unit": "백만원"
    },
    "likes": 717,
    "benefits": {},
    "logo": "대상정보기술.jpg",
    "majorCategory": [
        "IT·디지털 및 소프트웨어"
    ]
}