{
    "companyName": "대한솔루션",
    "headCount": 907,
    "salary": {
        "allAvg": 6191,
        "newcomerAvg": 4938,
        "unit": "만원"
    },
    "category": [
        "자동차",
        "조선",
        "철강",
        "항공"
    ],
    "employeeRatio": {},
    "totalSales": {
        "value": 68380,
        "unit": "백만원"
    },
    "likes": 539,
    "benefits": {
        "title": "복리후생",
        "sections": [
            {
                "head": "연금·보험",
                "body": [
                    "국민연금",
                    "고용보험",
                    "산재보험",
                    "건강보험"
                ]
            },
            {
                "head": "휴무·휴가·행사",
                "body": [
                    "주5일제",
                    "연차제도",
                    "정기휴가",
                    "경조휴가",
                    "반차제도",
                    "포상휴가",
                    "출산휴가",
                    "육아휴직"
                ]
            },
            {
                "head": "보상·수당·지원",
                "body": [
                    "퇴직금",
                    "경조금",
                    "인센티브",
                    "장기근속 포상",
                    "휴가비",
                    "성과급"
                ]
            },
            {
                "head": "사내제도·성장",
                "body": [
                    "사내 외국어강좌 운영",
                    "신입 사원 교육",
                    "해외연수",
                    "자격증취득지원"
                ]
            },
            {
                "head": "사내시설",
                "body": [
                    "구내식당",
                    "헬스시설"
                ]
            },
            {
                "head": "편의·여가·건강",
                "body": [
                    "점심 식사 지원",
                    "근무복 지원"
                ]
            }
        ]
    },
    "logo": "대한솔루션.JPG",
    "majorCategory": [
        "제조·기계·산업",
        "운송·정비·서비스"
    ]
}