{
    "companyName": "대한제강",
    "headCount": 403,
    "salary": {
        "allAvg": 9107,
        "newcomerAvg": 3150,
        "unit": "만원"
    },
    "category": [
        "자동차",
        "조선",
        "철강",
        "항공"
    ],
    "employeeRatio": {
        "male": 92,
        "female": 8
    },
    "totalSales": {
        "value": 55560,
        "unit": "백만원"
    },
    "likes": 1150,
    "benefits": {},
    "logo": "대한제강.jpg",
    "majorCategory": [
        "제조·기계·산업",
        "운송·정비·서비스"
    ]
}