{
    "companyName": "대성텔레콤",
    "headCount": 129,
    "salary": {
        "allAvg": 3044,
        "newcomerAvg": 2500,
        "unit": "만원"
    },
    "category": [
        "네트워크",
        "통신서비스"
    ],
    "employeeRatio": {},
    "totalSales": {
        "value": 8760,
        "unit": "백만원"
    },
    "likes": 188,
    "benefits": {},
    "logo": "대성텔레콤.png",
    "majorCategory": [
        "IT·디지털 및 소프트웨어"
    ]
}