{
    "companyName": "대구텍(유)",
    "headCount": null,
    "salary": {
        "allAvg": 6857,
        "newcomerAvg": 2800,
        "unit": "만원"
    },
    "category": [
        "금속",
        "재료",
        "자재"
    ],
    "employeeRatio": {},
    "totalSales": {
        "value": null,
        "unit": "백만원"
    },
    "likes": 2280,
    "benefits": {},
    "logo": "대구텍(유).png",
    "majorCategory": [
        "제조·기계·산업"
    ]
}