{
    "companyName": "대경아이티",
    "headCount": 42,
    "salary": {
        "allAvg": 4002,
        "newcomerAvg": null,
        "unit": "만원"
    },
    "category": [
        "네트워크",
        "통신서비스"
    ],
    "employeeRatio": {},
    "totalSales": {
        "value": 900,
        "unit": "백만원"
    },
    "likes": 0,
    "benefits": {},
    "logo": "대경아이티(로고없음).jpg",
    "majorCategory": [
        "IT·디지털 및 소프트웨어"
    ]
}