{
    "companyName": "대림",
    "headCount": 620,
    "salary": {
        "allAvg": 8513,
        "newcomerAvg": 4000,
        "unit": "만원"
    },
    "category": [
        "무역",
        "상사"
    ],
    "employeeRatio": {
        "male": 77,
        "female": 23
    },
    "totalSales": {
        "value": 2000000,
        "unit": "백만원"
    },
    "likes": 1328,
    "benefits": {
        "title": "복리후생",
        "sections": [
            {
                "head": "연금·보험",
                "body": [
                    "국민연금",
                    "고용보험",
                    "산재보험",
                    "건강보험",
                    "퇴직연금",
                    "상해보험"
                ]
            },
            {
                "head": "휴무·휴가·행사",
                "body": [
                    "주5일제",
                    "연차제도",
                    "월차제도",
                    "경조휴가",
                    "반차제도",
                    "리프레시 휴가",
                    "포상휴가",
                    "출산휴가",
                    "육아휴직",
                    "남성출산휴가",
                    "보건휴가",
                    "창립일 휴무",
                    "노동절 휴무",
                    "워크샵/MT",
                    "체육대회",
                    "야유회"
                ]
            },
            {
                "head": "보상·수당·지원",
                "body": [
                    "인센티브",
                    "사내대출",
                    "장기근속 포상",
                    "우수사원 포상제도",
                    "가족 의료비 지원",
                    "임직원 교육비",
                    "자기개발 지원",
                    "연월차제도수당",
                    "직책수당",
                    "장기근속수당",
                    "야간교통비 지급",
                    "각종 기념일 선물",
                    "도서 구입비 지원",
                    "성과급",
                    "복리후생 지원",
                    "주거비 지원"
                ]
            },
            {
                "head": "사내제도·성장",
                "body": [
                    "사내 외국어강좌 운영",
                    "신입 사원 교육",
                    "직무능력향상교육",
                    "리더쉽강화교육",
                    "사이버연수원운영",
                    "자격증취득지원",
                    "해외주재원"
                ]
            },
            {
                "head": "사내시설",
                "body": [
                    "구내식당",
                    "휴식공간",
                    "카페테리아",
                    "사내도서관",
                    "사내 어린이집",
                    "주차장",
                    "여성전용휴게실",
                    "수유실"
                ]
            },
            {
                "head": "편의·여가·건강",
                "body": [
                    "사내 동호회",
                    "출퇴근 셔틀버스",
                    "건강검진",
                    "근무복 지원",
                    "휴양시설"
                ]
            }
        ]
    },
    "logo": "대림.jpg",
    "majorCategory": [
        "기타·공공",
        "유통·소매·물류"
    ]
}