{
    "companyName": "대한뉴팜",
    "headCount": 381,
    "salary": {
        "allAvg": 5723,
        "newcomerAvg": 3795,
        "unit": "만원"
    },
    "category": [
        "제약",
        "보건",
        "바이오"
    ],
    "employeeRatio": {
        "male": 63,
        "female": 37
    },
    "totalSales": {
        "value": 4220,
        "unit": "백만원"
    },
    "likes": 997,
    "benefits": {
        "title": "복리후생",
        "sections": [
            {
                "head": "연금·보험",
                "body": [
                    "국민연금",
                    "고용보험",
                    "산재보험",
                    "건강보험"
                ]
            },
            {
                "head": "휴무·휴가·행사",
                "body": [
                    "주5일제",
                    "연차제도",
                    "경조휴가",
                    "반차제도",
                    "육아휴직",
                    "남성출산휴가",
                    "노동절 휴무"
                ]
            },
            {
                "head": "보상·수당·지원",
                "body": [
                    "경조금",
                    "자녀교육비",
                    "사내대출",
                    "장기근속 포상",
                    "우수사원 포상제도",
                    "야간근로수당",
                    "휴일근로수당",
                    "연월차제도수당",
                    "직책수당",
                    "가족수당",
                    "임직원 할인"
                ]
            },
            {
                "head": "사내시설",
                "body": [
                    "구내식당",
                    "주차장",
                    "샤워실",
                    "장애인용 주차장",
                    "장애인용 화장실",
                    "유도점자블록",
                    "비상경보장치"
                ]
            },
            {
                "head": "편의·여가·건강",
                "body": [
                    "출퇴근 셔틀버스",
                    "건강검진",
                    "점심 식사 지원",
                    "근무복 지원"
                ]
            }
        ]
    },
    "logo": "대한뉴팜.jpg",
    "majorCategory": [
        "의료·보건·복지"
    ]
}