{
    "companyName": "대영유비텍",
    "headCount": 230,
    "salary": {
        "allAvg": 4242,
        "newcomerAvg": 3300,
        "unit": "만원"
    },
    "category": [
        "네트워크",
        "통신서비스"
    ],
    "employeeRatio": {},
    "totalSales": {
        "value": 20150,
        "unit": "백만원"
    },
    "likes": 263,
    "benefits": {},
    "logo": "대영유비텍.jpg",
    "majorCategory": [
        "IT·디지털 및 소프트웨어"
    ]
}