{
    "companyName": "대한산업안전협회",
    "headCount": 1230,
    "salary": {
        "allAvg": 5552,
        "newcomerAvg": 4000,
        "unit": "만원"
    },
    "category": [
        "협회",
        "단체"
    ],
    "employeeRatio": {},
    "totalSales": {
        "value": 155100,
        "unit": "백만원"
    },
    "likes": 1863,
    "benefits": {
        "title": "복리후생",
        "sections": [
            {
                "head": "연금·보험",
                "body": [
                    "국민연금",
                    "고용보험",
                    "산재보험",
                    "건강보험"
                ]
            },
            {
                "head": "보상·수당·지원",
                "body": [
                    "퇴직금",
                    "명절선물/명절상여",
                    "휴가비"
                ]
            }
        ]
    },
    "logo": "대한산업안전협회.gif",
    "majorCategory": [
        "기타·공공"
    ]
}