{
    "companyName": "대한주택관리사협회",
    "headCount": 53,
    "salary": {
        "allAvg": 4133,
        "newcomerAvg": null,
        "unit": "만원"
    },
    "category": [
        "공기업",
        "공공기관"
    ],
    "employeeRatio": {},
    "totalSales": {
        "value": 11450,
        "unit": "백만원"
    },
    "likes": 361,
    "benefits": {
        "title": "복리후생",
        "sections": [
            {
                "head": "연금·보험",
                "body": [
                    "국민연금",
                    "고용보험",
                    "산재보험",
                    "건강보험",
                    "퇴직연금"
                ]
            },
            {
                "head": "휴무·휴가·행사",
                "body": [
                    "주5일제",
                    "연차제도",
                    "경조휴가",
                    "반차제도",
                    "출산휴가",
                    "육아휴직",
                    "보건휴가",
                    "노동절 휴무",
                    "워크샵/MT"
                ]
            },
            {
                "head": "보상·수당·지원",
                "body": [
                    "야간근로수당",
                    "연월차제도수당",
                    "직책수당"
                ]
            }
        ]
    },
    "logo": "대한주택관리사협회.jpg",
    "majorCategory": [
        "기타·공공"
    ]
}