{
    "companyName": "대한해운",
    "headCount": 200,
    "salary": {
        "allAvg": 8606,
        "newcomerAvg": 5425,
        "unit": "만원"
    },
    "category": [
        "물류",
        "운송",
        "배송"
    ],
    "employeeRatio": {
        "male": 79,
        "female": 21
    },
    "totalSales": {
        "value": 90080,
        "unit": "백만원"
    },
    "likes": 1244,
    "benefits": {
        "title": "복리후생",
        "sections": [
            {
                "head": "연금·보험",
                "body": [
                    "국민연금",
                    "고용보험",
                    "산재보험",
                    "건강보험",
                    "퇴직연금"
                ]
            },
            {
                "head": "휴무·휴가·행사",
                "body": [
                    "주5일제",
                    "연차제도",
                    "경조휴가",
                    "반차제도",
                    "출산휴가",
                    "육아휴직",
                    "남성출산휴가",
                    "창립일 휴무"
                ]
            },
            {
                "head": "보상·수당·지원",
                "body": [
                    "경조금",
                    "자녀교육비",
                    "장기근속 포상",
                    "야간교통비 지급",
                    "우리사주제도",
                    "복리후생 지원",
                    "임직원 할인"
                ]
            },
            {
                "head": "편의·여가·건강",
                "body": [
                    "건강검진",
                    "식사 지원"
                ]
            }
        ]
    },
    "logo": "대한해운.jpg",
    "majorCategory": [
        "운송·정비·서비스",
        "유통·소매·물류"
    ]
}