{
    "companyName": "담담사무소",
    "headCount": 28,
    "salary": {
        "allAvg": 4603,
        "newcomerAvg": 3650,
        "unit": "만원"
    },
    "category": [
        "광고",
        "홍보",
        "전시"
    ],
    "employeeRatio": {},
    "totalSales": {
        "value": null,
        "unit": "백만원"
    },
    "likes": 61,
    "benefits": {},
    "logo": "담담사무소.JPG",
    "majorCategory": [
        "광고·마케팅 및 전문서비스",
        "미디어·엔터테인먼트·문화"
    ]
}