{
    "companyName": "닷넷소프트",
    "headCount": 35,
    "salary": {
        "allAvg": 4899,
        "newcomerAvg": null,
        "unit": "만원"
    },
    "category": [
        "솔루션",
        "SI",
        "CRM",
        "ERP"
    ],
    "employeeRatio": {},
    "totalSales": {
        "value": 4000,
        "unit": "백만원"
    },
    "likes": 59,
    "benefits": {},
    "logo": "닷넷소프트.jpg",
    "majorCategory": [
        "IT·디지털 및 소프트웨어"
    ]
}