{
    "companyName": "다이퀘스트",
    "headCount": 216,
    "salary": {
        "allAvg": 5002,
        "newcomerAvg": 3300,
        "unit": "만원"
    },
    "category": [
        "솔루션",
        "SI",
        "CRM",
        "ERP"
    ],
    "employeeRatio": {},
    "totalSales": {
        "value": 11300,
        "unit": "백만원"
    },
    "likes": 738,
    "benefits": {},
    "logo": "다이퀘스트.png",
    "majorCategory": [
        "IT·디지털 및 소프트웨어"
    ]
}