{
    "companyName": "다민정보산업",
    "headCount": null,
    "salary": {
        "allAvg": 5594,
        "newcomerAvg": null,
        "unit": "만원"
    },
    "category": [
        "컴퓨터",
        "하드웨어",
        "장비"
    ],
    "employeeRatio": {},
    "totalSales": {
        "value": null,
        "unit": "백만원"
    },
    "likes": 6,
    "benefits": {},
    "logo": "다민정보산업(로고없음).jpg",
    "majorCategory": [
        "IT·디지털 및 소프트웨어",
        "제조·기계·산업"
    ]
}