{
    "companyName": "다온기술",
    "headCount": 30,
    "salary": {
        "allAvg": 3829,
        "newcomerAvg": null,
        "unit": "만원"
    },
    "category": [
        "정보보안"
    ],
    "employeeRatio": {},
    "totalSales": {
        "value": 12750,
        "unit": "백만원"
    },
    "likes": 89,
    "benefits": {
        "title": "복리후생",
        "sections": [
            {
                "head": "연금·보험",
                "body": [
                    "국민연금",
                    "고용보험",
                    "산재보험",
                    "건강보험",
                    "퇴직연금"
                ]
            },
            {
                "head": "휴무·휴가·행사",
                "body": [
                    "주5일제",
                    "연차제도",
                    "창립일 휴무",
                    "워크샵/MT"
                ]
            },
            {
                "head": "보상·수당·지원",
                "body": [
                    "경조금",
                    "인센티브",
                    "사내대출",
                    "야간교통비 지급",
                    "각종 기념일 선물",
                    "도서 구입비 지원",
                    "임직원 학자금"
                ]
            },
            {
                "head": "사내제도·성장",
                "body": [
                    "신입 사원 교육",
                    "직무능력향상교육"
                ]
            },
            {
                "head": "사내시설",
                "body": [
                    "구내식당",
                    "주차장",
                    "장애인용 주차장"
                ]
            }
        ]
    },
    "logo": "다온기술.png",
    "majorCategory": [
        "IT·디지털 및 소프트웨어"
    ]
}