{
    "companyName": "뉴스킨코리아",
    "headCount": 128,
    "salary": {
        "allAvg": 6741,
        "newcomerAvg": null,
        "unit": "만원"
    },
    "category": [
        "백화점",
        "유통",
        "도소매"
    ],
    "employeeRatio": {},
    "totalSales": {
        "value": 9180,
        "unit": "백만원"
    },
    "likes": 200,
    "benefits": {},
    "logo": "뉴스킨코리아.gif",
    "majorCategory": [
        "유통·소매·물류"
    ]
}