{
    "companyName": "단비플러스에스티에스",
    "headCount": null,
    "salary": {
        "allAvg": 4663,
        "newcomerAvg": null,
        "unit": "만원"
    },
    "category": [
        "솔루션",
        "SI",
        "CRM",
        "ERP"
    ],
    "employeeRatio": {},
    "totalSales": {
        "value": null,
        "unit": "백만원"
    },
    "likes": 3,
    "benefits": {},
    "logo": "단비플러스에스티에스(로고없음).jpg",
    "majorCategory": [
        "IT·디지털 및 소프트웨어"
    ]
}