{
    "companyName": "더열심히",
    "headCount": 76,
    "salary": {
        "allAvg": 3433,
        "newcomerAvg": 3453,
        "unit": "만원"
    },
    "category": [
        "광고",
        "홍보",
        "전시"
    ],
    "employeeRatio": {},
    "totalSales": {
        "value": 26700,
        "unit": "백만원"
    },
    "likes": 583,
    "benefits": {},
    "logo": "더열심히.jpg",
    "majorCategory": [
        "광고·마케팅 및 전문서비스",
        "미디어·엔터테인먼트·문화"
    ]
}