{
    "companyName": "다올저축은행",
    "headCount": 334,
    "salary": {
        "allAvg": 5271,
        "newcomerAvg": 3000,
        "unit": "만원"
    },
    "category": [
        "캐피탈",
        "대출"
    ],
    "employeeRatio": {
        "male": 58,
        "female": 42
    },
    "totalSales": {
        "value": 5680,
        "unit": "백만원"
    },
    "likes": 435,
    "benefits": {},
    "logo": "다올저축은행.jpg",
    "majorCategory": [
        "금융·보험"
    ]
}