{
    "companyName": "뉴로메카",
    "headCount": 95,
    "salary": {
        "allAvg": 4997,
        "newcomerAvg": 4125,
        "unit": "만원"
    },
    "category": [
        "컴퓨터",
        "하드웨어",
        "장비"
    ],
    "employeeRatio": {
        "male": 81,
        "female": 19
    },
    "totalSales": {
        "value": 7000,
        "unit": "백만원"
    },
    "likes": 111,
    "benefits": {},
    "logo": "뉴로메카.jpg",
    "majorCategory": [
        "IT·디지털 및 소프트웨어",
        "제조·기계·산업"
    ]
}