{
    "companyName": "다이쿄니시카와코리아",
    "headCount": 60,
    "salary": {
        "allAvg": 4126,
        "newcomerAvg": 3000,
        "unit": "만원"
    },
    "category": [
        "자동차",
        "조선",
        "철강",
        "항공"
    ],
    "employeeRatio": {},
    "totalSales": {
        "value": 5960,
        "unit": "백만원"
    },
    "likes": 97,
    "benefits": {},
    "logo": "다이쿄니시카와코리아.png",
    "majorCategory": [
        "제조·기계·산업",
        "운송·정비·서비스"
    ]
}