{
    "companyName": "누리인포스",
    "headCount": 70,
    "salary": {
        "allAvg": 4103,
        "newcomerAvg": 3100,
        "unit": "만원"
    },
    "category": [
        "솔루션",
        "SI",
        "CRM",
        "ERP"
    ],
    "employeeRatio": {},
    "totalSales": {
        "value": 14100,
        "unit": "백만원"
    },
    "likes": 183,
    "benefits": {},
    "logo": "누리인포스.png",
    "majorCategory": [
        "IT·디지털 및 소프트웨어"
    ]
}