{
    "companyName": "더케이예다함상조",
    "headCount": 169,
    "salary": {
        "allAvg": 5480,
        "newcomerAvg": 3000,
        "unit": "만원"
    },
    "category": [
        "웨딩",
        "상조",
        "이벤트"
    ],
    "employeeRatio": {},
    "totalSales": {
        "value": 60710,
        "unit": "백만원"
    },
    "likes": 237,
    "benefits": {},
    "logo": "더케이예다함상조.jpg",
    "majorCategory": [
        "기타·공공",
        "숙박·여행·외식·레저",
        "광고·마케팅 및 전문서비스"
    ]
}