{
    "companyName": "누리어시스템",
    "headCount": 95,
    "salary": {
        "allAvg": 4247,
        "newcomerAvg": 2900,
        "unit": "만원"
    },
    "category": [
        "솔루션",
        "SI",
        "CRM",
        "ERP"
    ],
    "employeeRatio": {},
    "totalSales": {
        "value": 19600,
        "unit": "백만원"
    },
    "likes": 548,
    "benefits": {},
    "logo": "누리어시스템.jpg",
    "majorCategory": [
        "IT·디지털 및 소프트웨어"
    ]
}