{
    "companyName": "뉴윈텍",
    "headCount": 88,
    "salary": {
        "allAvg": 5209,
        "newcomerAvg": null,
        "unit": "만원"
    },
    "category": [
        "솔루션",
        "SI",
        "CRM",
        "ERP"
    ],
    "employeeRatio": {},
    "totalSales": {
        "value": 8000,
        "unit": "백만원"
    },
    "likes": 64,
    "benefits": {},
    "logo": "뉴윈텍.jpg",
    "majorCategory": [
        "IT·디지털 및 소프트웨어"
    ]
}