{
    "companyName": "다트미디어",
    "headCount": 53,
    "salary": {
        "allAvg": 4285,
        "newcomerAvg": null,
        "unit": "만원"
    },
    "category": [
        "광고",
        "홍보",
        "전시"
    ],
    "employeeRatio": {},
    "totalSales": {
        "value": 47400,
        "unit": "백만원"
    },
    "likes": 171,
    "benefits": {},
    "logo": "다트미디어.jpg",
    "majorCategory": [
        "광고·마케팅 및 전문서비스",
        "미디어·엔터테인먼트·문화"
    ]
}