{
    "companyName": "니트로시스템",
    "headCount": 11,
    "salary": {
        "allAvg": 5269,
        "newcomerAvg": null,
        "unit": "만원"
    },
    "category": [
        "컴퓨터",
        "하드웨어",
        "장비"
    ],
    "employeeRatio": {},
    "totalSales": {
        "value": 1440,
        "unit": "백만원"
    },
    "likes": 34,
    "benefits": {},
    "logo": "니트로시스템.jpg",
    "majorCategory": [
        "IT·디지털 및 소프트웨어",
        "제조·기계·산업"
    ]
}