{
    "companyName": "다산솔루에타",
    "headCount": 115,
    "salary": {
        "allAvg": 4553,
        "newcomerAvg": 4000,
        "unit": "만원"
    },
    "category": [
        "전기",
        "전자",
        "제어"
    ],
    "employeeRatio": {
        "male": 83,
        "female": 17
    },
    "totalSales": {
        "value": 31300,
        "unit": "백만원"
    },
    "likes": 150,
    "benefits": {},
    "logo": "다산솔루에타(로고없음).jpg",
    "majorCategory": [
        "제조·기계·산업"
    ]
}