{
    "companyName": "누리꿈소프트",
    "headCount": 48,
    "salary": {
        "allAvg": 3843,
        "newcomerAvg": null,
        "unit": "만원"
    },
    "category": [
        "솔루션",
        "SI",
        "CRM",
        "ERP"
    ],
    "employeeRatio": {},
    "totalSales": {
        "value": 9200,
        "unit": "백만원"
    },
    "likes": 418,
    "benefits": {},
    "logo": "누리꿈소프트.jpg",
    "majorCategory": [
        "IT·디지털 및 소프트웨어"
    ]
}