{
    "companyName": "뉴젠솔루션",
    "headCount": 71,
    "salary": {
        "allAvg": 4717,
        "newcomerAvg": 3080,
        "unit": "만원"
    },
    "category": [
        "솔루션",
        "SI",
        "CRM",
        "ERP"
    ],
    "employeeRatio": {},
    "totalSales": {
        "value": 12240,
        "unit": "백만원"
    },
    "likes": 248,
    "benefits": {},
    "logo": "뉴젠솔루션.png",
    "majorCategory": [
        "IT·디지털 및 소프트웨어"
    ]
}