{
    "companyName": "다임즈",
    "headCount": 54,
    "salary": {
        "allAvg": 5089,
        "newcomerAvg": null,
        "unit": "만원"
    },
    "category": [
        "솔루션",
        "SI",
        "CRM",
        "ERP"
    ],
    "employeeRatio": {},
    "totalSales": {
        "value": 7400,
        "unit": "백만원"
    },
    "likes": 360,
    "benefits": {},
    "logo": "다임즈.png",
    "majorCategory": [
        "IT·디지털 및 소프트웨어"
    ]
}