{
    "companyName": "달콤소프트",
    "headCount": 110,
    "salary": {
        "allAvg": 4103,
        "newcomerAvg": null,
        "unit": "만원"
    },
    "category": [
        "게임",
        "애니메이션"
    ],
    "employeeRatio": {},
    "totalSales": {
        "value": 14000,
        "unit": "백만원"
    },
    "likes": 675,
    "benefits": {},
    "logo": "달콤소프트.gif",
    "majorCategory": [
        "미디어·엔터테인먼트·문화"
    ]
}