{
    "companyName": "누리아이티에스",
    "headCount": 20,
    "salary": {
        "allAvg": 2660,
        "newcomerAvg": null,
        "unit": "만원"
    },
    "category": [
        "솔루션",
        "SI",
        "CRM",
        "ERP"
    ],
    "employeeRatio": {},
    "totalSales": {
        "value": 1700,
        "unit": "백만원"
    },
    "likes": 33,
    "benefits": {},
    "logo": "누리아이티에스.jpg",
    "majorCategory": [
        "IT·디지털 및 소프트웨어"
    ]
}