{
    "companyName": "다다소프트",
    "headCount": 9,
    "salary": {
        "allAvg": 4173,
        "newcomerAvg": null,
        "unit": "만원"
    },
    "category": [
        "게임",
        "애니메이션"
    ],
    "employeeRatio": {},
    "totalSales": {
        "value": null,
        "unit": "백만원"
    },
    "likes": 5,
    "benefits": {},
    "logo": "다다소프트.jpg",
    "majorCategory": [
        "미디어·엔터테인먼트·문화"
    ]
}