{
    "companyName": "다컴시스템",
    "headCount": 50,
    "salary": {
        "allAvg": 4801,
        "newcomerAvg": 2700,
        "unit": "만원"
    },
    "category": [
        "컴퓨터",
        "하드웨어",
        "장비"
    ],
    "employeeRatio": {},
    "totalSales": {
        "value": 47730,
        "unit": "백만원"
    },
    "likes": 219,
    "benefits": {},
    "logo": "다컴시스템.png",
    "majorCategory": [
        "IT·디지털 및 소프트웨어",
        "제조·기계·산업"
    ]
}