{
    "companyName": "다우텔레콤",
    "headCount": 130,
    "salary": {
        "allAvg": 3652,
        "newcomerAvg": null,
        "unit": "만원"
    },
    "category": [
        "전기",
        "전자",
        "제어"
    ],
    "employeeRatio": {},
    "totalSales": {
        "value": 0,
        "unit": "백만원"
    },
    "likes": 303,
    "benefits": {},
    "logo": "다우텔레콤.png",
    "majorCategory": [
        "제조·기계·산업"
    ]
}