{
    "companyName": "뉴코리아전자통신",
    "headCount": 50,
    "salary": {
        "allAvg": 4013,
        "newcomerAvg": null,
        "unit": "만원"
    },
    "category": [
        "네트워크",
        "통신서비스"
    ],
    "employeeRatio": {},
    "totalSales": {
        "value": 17500,
        "unit": "백만원"
    },
    "likes": 161,
    "benefits": {},
    "logo": "뉴코리아전자통신.jpg",
    "majorCategory": [
        "IT·디지털 및 소프트웨어"
    ]
}