{
    "companyName": "늘엔",
    "headCount": 49,
    "salary": {
        "allAvg": 2946,
        "newcomerAvg": null,
        "unit": "만원"
    },
    "category": [
        "솔루션",
        "SI",
        "CRM",
        "ERP"
    ],
    "employeeRatio": {},
    "totalSales": {
        "value": 9130,
        "unit": "백만원"
    },
    "likes": 151,
    "benefits": {},
    "logo": "늘엔.jpg",
    "majorCategory": [
        "IT·디지털 및 소프트웨어"
    ]
}