{
    "companyName": "뉴시스",
    "headCount": 273,
    "salary": {
        "allAvg": 5380,
        "newcomerAvg": 3840,
        "unit": "만원"
    },
    "category": [
        "출판",
        "인쇄",
        "사진"
    ],
    "employeeRatio": {},
    "totalSales": {
        "value": 38390,
        "unit": "백만원"
    },
    "likes": 854,
    "benefits": {},
    "logo": "뉴시스.jpg",
    "majorCategory": [
        "제조·기계·산업",
        "미디어·엔터테인먼트·문화"
    ]
}