{
    "companyName": "뉴옵틱스",
    "headCount": 207,
    "salary": {
        "allAvg": 5464,
        "newcomerAvg": 4408,
        "unit": "만원"
    },
    "category": [
        "전기",
        "전자",
        "제어"
    ],
    "employeeRatio": {},
    "totalSales": {
        "value": 99860,
        "unit": "백만원"
    },
    "likes": 694,
    "benefits": {
        "title": "복리후생",
        "sections": [
            {
                "head": "연금·보험",
                "body": [
                    "국민연금",
                    "고용보험",
                    "산재보험",
                    "건강보험",
                    "퇴직연금"
                ]
            },
            {
                "head": "휴무·휴가·행사",
                "body": [
                    "주5일제",
                    "연차제도",
                    "정기휴가",
                    "경조휴가",
                    "반차제도",
                    "육아휴직",
                    "남성출산휴가",
                    "노동절 휴무"
                ]
            },
            {
                "head": "보상·수당·지원",
                "body": [
                    "경조금",
                    "정기보너스",
                    "자녀교육비",
                    "장기근속 포상",
                    "가족 의료비 지원",
                    "임직원 교육비",
                    "야간근로수당",
                    "휴일근로수당"
                ]
            },
            {
                "head": "사내시설",
                "body": [
                    "기숙사 지원",
                    "구내식당",
                    "휴식공간",
                    "헬스시설",
                    "주차장",
                    "여성전용휴게실"
                ]
            },
            {
                "head": "편의·여가·건강",
                "body": [
                    "출퇴근 셔틀버스",
                    "점심 식사 지원",
                    "아침 식사 지원"
                ]
            }
        ]
    },
    "logo": "뉴옵틱스.JPG",
    "majorCategory": [
        "제조·기계·산업"
    ]
}