{
    "companyName": "더블유쇼핑",
    "headCount": 99,
    "salary": {
        "allAvg": 5640,
        "newcomerAvg": null,
        "unit": "만원"
    },
    "category": [
        "방송",
        "케이블",
        "프로덕션"
    ],
    "employeeRatio": {},
    "totalSales": {
        "value": 139000,
        "unit": "백만원"
    },
    "likes": 585,
    "benefits": {},
    "logo": "더블유쇼핑.gif",
    "majorCategory": [
        "미디어·엔터테인먼트·문화"
    ]
}