{
    "companyName": "누림소프트",
    "headCount": 52,
    "salary": {
        "allAvg": 4403,
        "newcomerAvg": null,
        "unit": "만원"
    },
    "category": [
        "솔루션",
        "SI",
        "CRM",
        "ERP"
    ],
    "employeeRatio": {},
    "totalSales": {
        "value": 6959,
        "unit": "백만원"
    },
    "likes": 40,
    "benefits": {},
    "logo": "누림소프트.gif",
    "majorCategory": [
        "IT·디지털 및 소프트웨어"
    ]
}