{
    "companyName": "뉴런아이티",
    "headCount": 40,
    "salary": {
        "allAvg": 3312,
        "newcomerAvg": null,
        "unit": "만원"
    },
    "category": [
        "솔루션",
        "SI",
        "CRM",
        "ERP"
    ],
    "employeeRatio": {},
    "totalSales": {
        "value": 2700,
        "unit": "백만원"
    },
    "likes": 4,
    "benefits": {},
    "logo": "뉴런아이티.jpg",
    "majorCategory": [
        "IT·디지털 및 소프트웨어"
    ]
}