{
    "companyName": "더네이쳐홀딩스",
    "headCount": 385,
    "salary": {
        "allAvg": 4373,
        "newcomerAvg": 3600,
        "unit": "만원"
    },
    "category": [
        "섬유",
        "의류",
        "패션"
    ],
    "employeeRatio": {
        "male": 49,
        "female": 51
    },
    "totalSales": {
        "value": 548400,
        "unit": "백만원"
    },
    "likes": 4544,
    "benefits": {},
    "logo": "더네이쳐홀딩스(로고없음).jpg",
    "majorCategory": [
        "제조·기계·산업",
        "유통·소매·물류"
    ]
}