{
    "companyName": "다솜에스앤씨",
    "headCount": 19,
    "salary": {
        "allAvg": 3498,
        "newcomerAvg": null,
        "unit": "만원"
    },
    "category": [
        "솔루션",
        "SI",
        "CRM",
        "ERP"
    ],
    "employeeRatio": {},
    "totalSales": {
        "value": 6980,
        "unit": "백만원"
    },
    "likes": 97,
    "benefits": {},
    "logo": "다솜에스앤씨.JPG",
    "majorCategory": [
        "IT·디지털 및 소프트웨어"
    ]
}