{
    "companyName": "뉴에라리테일",
    "headCount": 38,
    "salary": {
        "allAvg": 3668,
        "newcomerAvg": null,
        "unit": "만원"
    },
    "category": [
        "백화점",
        "유통",
        "도소매"
    ],
    "employeeRatio": {},
    "totalSales": {
        "value": 7770,
        "unit": "백만원"
    },
    "likes": 60,
    "benefits": {},
    "logo": "뉴에라리테일.gif",
    "majorCategory": [
        "유통·소매·물류"
    ]
}