{
    "companyName": "다존기술",
    "headCount": 30,
    "salary": {
        "allAvg": 5302,
        "newcomerAvg": null,
        "unit": "만원"
    },
    "category": [
        "솔루션",
        "SI",
        "CRM",
        "ERP"
    ],
    "employeeRatio": {},
    "totalSales": {
        "value": 3500,
        "unit": "백만원"
    },
    "likes": 61,
    "benefits": {},
    "logo": "다존기술.jpg",
    "majorCategory": [
        "IT·디지털 및 소프트웨어"
    ]
}