{
    "companyName": "뉴엔에이아이",
    "headCount": 196,
    "salary": {
        "allAvg": 4641,
        "newcomerAvg": 3000,
        "unit": "만원"
    },
    "category": [
        "솔루션",
        "SI",
        "CRM",
        "ERP"
    ],
    "employeeRatio": {},
    "totalSales": {
        "value": 17400,
        "unit": "백만원"
    },
    "likes": 956,
    "benefits": {},
    "logo": "뉴엔에이아이.jpg",
    "majorCategory": [
        "IT·디지털 및 소프트웨어"
    ]
}