{
    "companyName": "다스",
    "headCount": null,
    "salary": {
        "allAvg": 6862,
        "newcomerAvg": 4003,
        "unit": "만원"
    },
    "category": [
        "자동차",
        "조선",
        "철강",
        "항공"
    ],
    "employeeRatio": {},
    "totalSales": {
        "value": 873600,
        "unit": "백만원"
    },
    "likes": 1273,
    "benefits": {
        "title": "복리후생",
        "sections": [
            {
                "head": "연금·보험",
                "body": [
                    "국민연금",
                    "고용보험",
                    "산재보험",
                    "건강보험"
                ]
            },
            {
                "head": "휴무·휴가·행사",
                "body": [
                    "주5일제",
                    "연차제도",
                    "월차제도",
                    "정기휴가",
                    "경조휴가",
                    "출산휴가",
                    "육아휴직",
                    "남성출산휴가",
                    "창립일 휴무"
                ]
            },
            {
                "head": "보상·수당·지원",
                "body": [
                    "퇴직금",
                    "경조금",
                    "자녀교육비",
                    "사내대출",
                    "장기근속 포상",
                    "우수사원 포상제도",
                    "가족 의료비 지원",
                    "임직원 교육비",
                    "연월차제도수당",
                    "장기근속수당",
                    "명절선물/명절상여",
                    "휴가비"
                ]
            },
            {
                "head": "사내제도·성장",
                "body": [
                    "직무능력향상교육"
                ]
            },
            {
                "head": "사내시설",
                "body": [
                    "구내식당"
                ]
            },
            {
                "head": "편의·여가·건강",
                "body": [
                    "건강검진",
                    "점심 식사 지원",
                    "근무복 지원"
                ]
            }
        ]
    },
    "logo": "다스.png",
    "majorCategory": [
        "제조·기계·산업",
        "운송·정비·서비스"
    ]
}