{
    "companyName": "더블유스코프코리아",
    "headCount": 316,
    "salary": {
        "allAvg": 5111,
        "newcomerAvg": null,
        "unit": "만원"
    },
    "category": [
        "화학",
        "에너지",
        "환경"
    ],
    "employeeRatio": {},
    "totalSales": {
        "value": 183300,
        "unit": "백만원"
    },
    "likes": 3105,
    "benefits": {
        "title": "복리후생",
        "sections": [
            {
                "head": "연금·보험",
                "body": [
                    "국민연금",
                    "고용보험",
                    "산재보험",
                    "건강보험",
                    "퇴직연금"
                ]
            },
            {
                "head": "휴무·휴가·행사",
                "body": [
                    "경조휴가"
                ]
            },
            {
                "head": "보상·수당·지원",
                "body": [
                    "경조금"
                ]
            },
            {
                "head": "편의·여가·건강",
                "body": [
                    "건강검진",
                    "점심 식사 지원"
                ]
            },
            {
                "head": "기타",
                "body": [
                    "하계휴가"
                ]
            }
        ]
    },
    "logo": "더블유스코프코리아.jpg",
    "majorCategory": [
        "제조·기계·산업"
    ]
}