{
    "companyName": "다산네트웍스",
    "headCount": 101,
    "salary": {
        "allAvg": 4860,
        "newcomerAvg": 5700,
        "unit": "만원"
    },
    "category": [
        "네트워크",
        "통신서비스"
    ],
    "employeeRatio": {
        "male": 57,
        "female": 43
    },
    "totalSales": {
        "value": 86000,
        "unit": "백만원"
    },
    "likes": 914,
    "benefits": {
        "title": "복리후생",
        "sections": [
            {
                "head": "연금·보험",
                "body": [
                    "국민연금",
                    "고용보험",
                    "산재보험",
                    "건강보험"
                ]
            },
            {
                "head": "휴무·휴가·행사",
                "body": [
                    "주5일제",
                    "연차제도",
                    "정기휴가",
                    "경조휴가",
                    "반차제도",
                    "출산휴가",
                    "육아휴직"
                ]
            },
            {
                "head": "보상·수당·지원",
                "body": [
                    "경조금",
                    "자녀교육비",
                    "장기근속 포상",
                    "임직원 교육비",
                    "자기개발 지원",
                    "장기근속수당",
                    "야간교통비 지급",
                    "도서 구입비 지원",
                    "주거비 지원",
                    "임직원 할인"
                ]
            },
            {
                "head": "사내시설",
                "body": [
                    "휴식공간",
                    "카페테리아",
                    "사내정원",
                    "주차장",
                    "여성전용휴게실"
                ]
            },
            {
                "head": "편의·여가·건강",
                "body": [
                    "사내 동호회",
                    "건강검진",
                    "저녁 식사 지원",
                    "휴양시설",
                    "식사 지원"
                ]
            }
        ]
    },
    "logo": "다산네트웍스.jpg",
    "majorCategory": [
        "IT·디지털 및 소프트웨어"
    ]
}