{
    "companyName": "다하미커뮤니케이션",
    "headCount": 58,
    "salary": {
        "allAvg": 4515,
        "newcomerAvg": null,
        "unit": "만원"
    },
    "category": [
        "솔루션",
        "SI",
        "CRM",
        "ERP"
    ],
    "employeeRatio": {},
    "totalSales": {
        "value": 0,
        "unit": "백만원"
    },
    "likes": 153,
    "benefits": {},
    "logo": "다하미커뮤니케이션.JPG",
    "majorCategory": [
        "IT·디지털 및 소프트웨어"
    ]
}