{
    "companyName": "다성테크",
    "headCount": null,
    "salary": {
        "allAvg": 4523,
        "newcomerAvg": null,
        "unit": "만원"
    },
    "category": [
        "금속",
        "재료",
        "자재"
    ],
    "employeeRatio": {},
    "totalSales": {
        "value": 46000,
        "unit": "백만원"
    },
    "likes": 103,
    "benefits": {},
    "logo": "다성테크.png",
    "majorCategory": [
        "제조·기계·산업"
    ]
}