{
    "companyName": "더블유컨셉코리아",
    "headCount": 240,
    "salary": {
        "allAvg": 4106,
        "newcomerAvg": 2900,
        "unit": "만원"
    },
    "category": [
        "섬유",
        "의류",
        "패션"
    ],
    "employeeRatio": {},
    "totalSales": {
        "value": 150000,
        "unit": "백만원"
    },
    "likes": 7003,
    "benefits": {
        "title": "복리후생",
        "sections": [
            {
                "head": "연금·보험",
                "body": [
                    "국민연금",
                    "고용보험",
                    "산재보험",
                    "건강보험",
                    "퇴직연금"
                ]
            },
            {
                "head": "휴무·휴가·행사",
                "body": [
                    "주5일제",
                    "연차제도",
                    "경조휴가",
                    "반차제도",
                    "리프레시 휴가",
                    "출산휴가",
                    "육아휴직",
                    "남성출산휴가"
                ]
            },
            {
                "head": "보상·수당·지원",
                "body": [
                    "경조금",
                    "인센티브",
                    "자녀교육비",
                    "장기근속 포상",
                    "가족 의료비 지원",
                    "자기개발 지원",
                    "야간교통비 지급",
                    "문화생활 지원",
                    "임직원 할인"
                ]
            },
            {
                "head": "사내제도·성장",
                "body": [
                    "신입 사원 교육",
                    "직무능력향상교육"
                ]
            },
            {
                "head": "사내시설",
                "body": [
                    "구내식당"
                ]
            },
            {
                "head": "편의·여가·건강",
                "body": [
                    "건강검진",
                    "휴양시설"
                ]
            },
            {
                "head": "기타",
                "body": [
                    "재택근무",
                    "자유복장",
                    "음료/간식 제공",
                    "자유로운 연차사용",
                    "신규입사자 멘토 제도"
                ]
            }
        ]
    },
    "logo": "더블유컨셉코리아.png",
    "majorCategory": [
        "제조·기계·산업",
        "유통·소매·물류"
    ]
}