{
    "companyName": "님버스네트웍스",
    "headCount": 33,
    "salary": {
        "allAvg": 4130,
        "newcomerAvg": null,
        "unit": "만원"
    },
    "category": [
        "네트워크",
        "통신서비스"
    ],
    "employeeRatio": {},
    "totalSales": {
        "value": null,
        "unit": "백만원"
    },
    "likes": 30,
    "benefits": {},
    "logo": "님버스네트웍스.jpg",
    "majorCategory": [
        "IT·디지털 및 소프트웨어"
    ]
}