{
    "companyName": "뉴젠스",
    "headCount": 431,
    "salary": {
        "allAvg": 3603,
        "newcomerAvg": 3000,
        "unit": "만원"
    },
    "category": [
        "네트워크",
        "통신서비스"
    ],
    "employeeRatio": {},
    "totalSales": {
        "value": 88330,
        "unit": "백만원"
    },
    "likes": 512,
    "benefits": {},
    "logo": "뉴젠스.jpg",
    "majorCategory": [
        "IT·디지털 및 소프트웨어"
    ]
}