{
    "companyName": "다래파크텍",
    "headCount": 120,
    "salary": {
        "allAvg": 3697,
        "newcomerAvg": null,
        "unit": "만원"
    },
    "category": [
        "전기",
        "전자",
        "제어"
    ],
    "employeeRatio": {},
    "totalSales": {
        "value": 34000,
        "unit": "백만원"
    },
    "likes": 664,
    "benefits": {},
    "logo": "다래파크텍.png",
    "majorCategory": [
        "제조·기계·산업"
    ]
}