{
    "companyName": "누리호스팅",
    "headCount": 5,
    "salary": {
        "allAvg": 3861,
        "newcomerAvg": null,
        "unit": "만원"
    },
    "category": [
        "컴퓨터",
        "하드웨어",
        "장비"
    ],
    "employeeRatio": {},
    "totalSales": {
        "value": 2800,
        "unit": "백만원"
    },
    "likes": 0,
    "benefits": {},
    "logo": "누리호스팅.gif",
    "majorCategory": [
        "IT·디지털 및 소프트웨어",
        "제조·기계·산업"
    ]
}