{
    "companyName": "다에리소프트",
    "headCount": 86,
    "salary": {
        "allAvg": 4262,
        "newcomerAvg": 2800,
        "unit": "만원"
    },
    "category": [
        "게임",
        "애니메이션"
    ],
    "employeeRatio": {},
    "totalSales": {
        "value": 35000,
        "unit": "백만원"
    },
    "likes": 127,
    "benefits": {},
    "logo": "다에리소프트.png",
    "majorCategory": [
        "미디어·엔터테인먼트·문화"
    ]
}