{
    "companyName": "다올투자증권",
    "headCount": 410,
    "salary": {
        "allAvg": 13834,
        "newcomerAvg": 3450,
        "unit": "만원"
    },
    "category": [
        "증권",
        "보험",
        "카드"
    ],
    "employeeRatio": {
        "male": 61,
        "female": 39
    },
    "totalSales": {
        "value": 49640,
        "unit": "백만원"
    },
    "likes": 1667,
    "benefits": {
        "title": "복리후생",
        "sections": [
            {
                "head": "연금·보험",
                "body": [
                    "국민연금",
                    "고용보험",
                    "산재보험",
                    "건강보험"
                ]
            }
        ]
    },
    "logo": "다올투자증권.png",
    "majorCategory": [
        "금융·보험"
    ]
}