{
    "companyName": "더시스템스코리아",
    "headCount": 80,
    "salary": {
        "allAvg": 4306,
        "newcomerAvg": null,
        "unit": "만원"
    },
    "category": [
        "솔루션",
        "SI",
        "CRM",
        "ERP"
    ],
    "employeeRatio": {},
    "totalSales": {
        "value": null,
        "unit": "백만원"
    },
    "likes": 116,
    "benefits": {},
    "logo": "더시스템스코리아.png",
    "majorCategory": [
        "IT·디지털 및 소프트웨어"
    ]
}