{
    "companyName": "더브리즈",
    "headCount": 20,
    "salary": {
        "allAvg": 5273,
        "newcomerAvg": null,
        "unit": "만원"
    },
    "category": [
        "음식료",
        "외식",
        "프랜차이즈"
    ],
    "employeeRatio": {},
    "totalSales": {
        "value": 4610,
        "unit": "백만원"
    },
    "likes": 29,
    "benefits": {},
    "logo": "더브리즈.jpg",
    "majorCategory": [
        "유통·소매·물류",
        "숙박·여행·외식·레저"
    ]
}