{
    "companyName": "더비엔아이",
    "headCount": 52,
    "salary": {
        "allAvg": 3941,
        "newcomerAvg": null,
        "unit": "만원"
    },
    "category": [
        "컨설팅",
        "연구",
        "조사"
    ],
    "employeeRatio": {},
    "totalSales": {
        "value": 4700,
        "unit": "백만원"
    },
    "likes": 16,
    "benefits": {},
    "logo": "더비엔아이.GIF",
    "majorCategory": [
        "교육·연구",
        "광고·마케팅 및 전문서비스"
    ]
}