{
    "companyName": "다음정보기술",
    "headCount": 40,
    "salary": {
        "allAvg": 5033,
        "newcomerAvg": 2800,
        "unit": "만원"
    },
    "category": [
        "솔루션",
        "SI",
        "CRM",
        "ERP"
    ],
    "employeeRatio": {},
    "totalSales": {
        "value": 17800,
        "unit": "백만원"
    },
    "likes": 103,
    "benefits": {},
    "logo": "다음정보기술.png",
    "majorCategory": [
        "IT·디지털 및 소프트웨어"
    ]
}