{
    "companyName": "단암시스템즈",
    "headCount": 260,
    "salary": {
        "allAvg": 4975,
        "newcomerAvg": 4200,
        "unit": "만원"
    },
    "category": [
        "전기",
        "전자",
        "제어"
    ],
    "employeeRatio": {},
    "totalSales": {
        "value": 57000,
        "unit": "백만원"
    },
    "likes": 544,
    "benefits": {},
    "logo": "단암시스템즈.jpg",
    "majorCategory": [
        "제조·기계·산업"
    ]
}