{
    "companyName": "닥터소프트",
    "headCount": null,
    "salary": {
        "allAvg": 4694,
        "newcomerAvg": null,
        "unit": "만원"
    },
    "category": [
        "솔루션",
        "SI",
        "CRM",
        "ERP"
    ],
    "employeeRatio": {},
    "totalSales": {
        "value": 6340,
        "unit": "백만원"
    },
    "likes": 122,
    "benefits": {},
    "logo": "닥터소프트.jpg",
    "majorCategory": [
        "IT·디지털 및 소프트웨어"
    ]
}