{
    "companyName": "다누시스",
    "headCount": 70,
    "salary": {
        "allAvg": 4570,
        "newcomerAvg": 3500,
        "unit": "만원"
    },
    "category": [
        "네트워크",
        "통신서비스"
    ],
    "employeeRatio": {},
    "totalSales": {
        "value": 15100,
        "unit": "백만원"
    },
    "likes": 252,
    "benefits": {},
    "logo": "다누시스.png",
    "majorCategory": [
        "IT·디지털 및 소프트웨어"
    ]
}