{
    "companyName": "더위버크리에이티브",
    "headCount": 47,
    "salary": {
        "allAvg": 4129,
        "newcomerAvg": 3000,
        "unit": "만원"
    },
    "category": [
        "웹에이전시"
    ],
    "employeeRatio": {},
    "totalSales": {
        "value": 4200,
        "unit": "백만원"
    },
    "likes": 626,
    "benefits": {},
    "logo": "더위버크리에이티브.gif",
    "majorCategory": [
        "IT·디지털 및 소프트웨어"
    ]
}