{
    "companyName": "뉴지랩",
    "headCount": 120,
    "salary": {
        "allAvg": 4546,
        "newcomerAvg": null,
        "unit": "만원"
    },
    "category": [
        "전기",
        "전자",
        "제어"
    ],
    "employeeRatio": {
        "male": 47,
        "female": 53
    },
    "totalSales": {
        "value": 32800,
        "unit": "백만원"
    },
    "likes": 600,
    "benefits": {},
    "logo": "뉴지랩.png",
    "majorCategory": [
        "제조·기계·산업"
    ]
}