{
    "companyName": "뉴넷정보기술",
    "headCount": 47,
    "salary": {
        "allAvg": 4287,
        "newcomerAvg": null,
        "unit": "만원"
    },
    "category": [
        "네트워크",
        "통신서비스"
    ],
    "employeeRatio": {},
    "totalSales": {
        "value": 8730,
        "unit": "백만원"
    },
    "likes": 89,
    "benefits": {},
    "logo": "뉴넷정보기술.jpg",
    "majorCategory": [
        "IT·디지털 및 소프트웨어"
    ]
}