{
    "companyName": "누리씨앤아이",
    "headCount": 22,
    "salary": {
        "allAvg": 4638,
        "newcomerAvg": null,
        "unit": "만원"
    },
    "category": [
        "솔루션",
        "SI",
        "CRM",
        "ERP"
    ],
    "employeeRatio": {},
    "totalSales": {
        "value": 8670,
        "unit": "백만원"
    },
    "likes": 17,
    "benefits": {},
    "logo": "누리씨앤아이(로고없음).jpg",
    "majorCategory": [
        "IT·디지털 및 소프트웨어"
    ]
}