{
    "companyName": "늘곁애라이프온",
    "headCount": 38,
    "salary": {
        "allAvg": 3131,
        "newcomerAvg": null,
        "unit": "만원"
    },
    "category": [
        "웨딩",
        "상조",
        "이벤트"
    ],
    "employeeRatio": {},
    "totalSales": {
        "value": 4950,
        "unit": "백만원"
    },
    "likes": 98,
    "benefits": {},
    "logo": "늘곁애라이프온.png",
    "majorCategory": [
        "기타·공공",
        "숙박·여행·외식·레저",
        "광고·마케팅 및 전문서비스"
    ]
}