{
    "companyName": "다모아솔루션",
    "headCount": 11,
    "salary": {
        "allAvg": 3614,
        "newcomerAvg": null,
        "unit": "만원"
    },
    "category": [
        "솔루션",
        "SI",
        "CRM",
        "ERP"
    ],
    "employeeRatio": {},
    "totalSales": {
        "value": 1989,
        "unit": "백만원"
    },
    "likes": 85,
    "benefits": {},
    "logo": "다모아솔루션.jpg",
    "majorCategory": [
        "IT·디지털 및 소프트웨어"
    ]
}