{
    "companyName": "더핑크퐁컴퍼니",
    "headCount": 322,
    "salary": {
        "allAvg": 5108,
        "newcomerAvg": null,
        "unit": "만원"
    },
    "category": [
        "포털",
        "컨텐츠",
        "커뮤니티"
    ],
    "employeeRatio": {
        "male": 19,
        "female": 81
    },
    "totalSales": {
        "value": 72180,
        "unit": "백만원"
    },
    "likes": 4026,
    "benefits": {},
    "logo": "더핑크퐁컴퍼니.png",
    "majorCategory": [
        "인터넷·커뮤니티·포털·디지털 컨텐츠"
    ]
}