{
    "companyName": "다난기술",
    "headCount": 5,
    "salary": {
        "allAvg": 4933,
        "newcomerAvg": 2619,
        "unit": "만원"
    },
    "category": [
        "쇼핑몰",
        "오픈마켓",
        "소셜커머스"
    ],
    "employeeRatio": {},
    "totalSales": {
        "value": 28739,
        "unit": "백만원"
    },
    "likes": 20,
    "benefits": {},
    "logo": "다난기술.jpg",
    "majorCategory": [
        "유통·소매·물류"
    ]
}