{
    "companyName": "다비오",
    "headCount": 70,
    "salary": {
        "allAvg": 4444,
        "newcomerAvg": null,
        "unit": "만원"
    },
    "category": [
        "솔루션",
        "SI",
        "CRM",
        "ERP"
    ],
    "employeeRatio": {},
    "totalSales": {
        "value": null,
        "unit": "백만원"
    },
    "likes": 459,
    "benefits": {
        "title": "복리후생",
        "sections": [
            {
                "head": "연금·보험",
                "body": [
                    "국민연금",
                    "고용보험",
                    "산재보험",
                    "건강보험",
                    "퇴직연금"
                ]
            },
            {
                "head": "휴무·휴가·행사",
                "body": [
                    "주5일제",
                    "연차제도",
                    "경조휴가",
                    "반차제도",
                    "리프레시 휴가",
                    "포상휴가",
                    "출산휴가",
                    "육아휴직",
                    "남성출산휴가",
                    "노동절 휴무",
                    "워크샵/MT"
                ]
            },
            {
                "head": "보상·수당·지원",
                "body": [
                    "퇴직금",
                    "임직원 교육비",
                    "야간교통비 지급"
                ]
            },
            {
                "head": "사내제도·성장",
                "body": [
                    "신입 사원 교육",
                    "직무능력향상교육",
                    "리더쉽강화교육"
                ]
            },
            {
                "head": "사내시설",
                "body": [
                    "휴식공간"
                ]
            },
            {
                "head": "편의·여가·건강",
                "body": [
                    "사내 동호회",
                    "근무복 지원"
                ]
            },
            {
                "head": "기타",
                "body": [
                    "패밀리데이 : 월1회 조기퇴근 제도 운영"
                ]
            }
        ]
    },
    "logo": "다비오.png",
    "majorCategory": [
        "IT·디지털 및 소프트웨어"
    ]
}