{
    "companyName": "더블유에스피아시아리미티드",
    "headCount": 180,
    "salary": {
        "allAvg": 6250,
        "newcomerAvg": null,
        "unit": "만원"
    },
    "category": [
        "건설",
        "시공",
        "토목",
        "조경"
    ],
    "employeeRatio": {},
    "totalSales": {
        "value": 18800,
        "unit": "백만원"
    },
    "likes": 302,
    "benefits": {},
    "logo": "더블유에스피아시아리미티드.jpg",
    "majorCategory": [
        "건설·부동산·인테리어"
    ]
}