{
    "companyName": "다울지오인포",
    "headCount": 67,
    "salary": {
        "allAvg": 3842,
        "newcomerAvg": 3540,
        "unit": "만원"
    },
    "category": [
        "솔루션",
        "SI",
        "CRM",
        "ERP"
    ],
    "employeeRatio": {},
    "totalSales": {
        "value": null,
        "unit": "백만원"
    },
    "likes": 247,
    "benefits": {},
    "logo": "다울지오인포.jpg",
    "majorCategory": [
        "IT·디지털 및 소프트웨어"
    ]
}