{
    "companyName": "다원디엔에스",
    "headCount": null,
    "salary": {
        "allAvg": 4621,
        "newcomerAvg": 3000,
        "unit": "만원"
    },
    "category": [
        "전기",
        "전자",
        "제어"
    ],
    "employeeRatio": {},
    "totalSales": {
        "value": null,
        "unit": "백만원"
    },
    "likes": 105,
    "benefits": {},
    "logo": "다원디엔에스(로고없음).jpg",
    "majorCategory": [
        "제조·기계·산업"
    ]
}