{
    "companyName": "더케이교직원나라",
    "headCount": 66,
    "salary": {
        "allAvg": 5110,
        "newcomerAvg": 2800,
        "unit": "만원"
    },
    "category": [
        "포털",
        "컨텐츠",
        "커뮤니티"
    ],
    "employeeRatio": {},
    "totalSales": {
        "value": 7509,
        "unit": "백만원"
    },
    "likes": 166,
    "benefits": {},
    "logo": "더케이교직원나라.jpg",
    "majorCategory": [
        "인터넷·커뮤니티·포털·디지털 컨텐츠"
    ]
}