{
    "companyName": "더존테크윌",
    "headCount": 50,
    "salary": {
        "allAvg": 4078,
        "newcomerAvg": null,
        "unit": "만원"
    },
    "category": [
        "솔루션",
        "SI",
        "CRM",
        "ERP"
    ],
    "employeeRatio": {},
    "totalSales": {
        "value": 8900,
        "unit": "백만원"
    },
    "likes": 118,
    "benefits": {},
    "logo": "더존테크윌.jpg",
    "majorCategory": [
        "IT·디지털 및 소프트웨어"
    ]
}