{
    "companyName": "뉴데일리",
    "headCount": 88,
    "salary": {
        "allAvg": 4986,
        "newcomerAvg": null,
        "unit": "만원"
    },
    "category": [
        "신문",
        "잡지",
        "언론사"
    ],
    "employeeRatio": {},
    "totalSales": {
        "value": null,
        "unit": "백만원"
    },
    "likes": 295,
    "benefits": {},
    "logo": "뉴데일리.JPG",
    "majorCategory": [
        "미디어·엔터테인먼트·문화"
    ]
}