{
    "companyName": "다스카손해사정화재해상",
    "headCount": 600,
    "salary": {
        "allAvg": 3726,
        "newcomerAvg": null,
        "unit": "만원"
    },
    "category": [
        "은행",
        "금융"
    ],
    "employeeRatio": {},
    "totalSales": {
        "value": 36400,
        "unit": "백만원"
    },
    "likes": 1690,
    "benefits": {},
    "logo": "다스카손해사정화재해상(로고없음).jpg",
    "majorCategory": [
        "금융·보험"
    ]
}