{
    "companyName": "다원시스",
    "headCount": 604,
    "salary": {
        "allAvg": 5034,
        "newcomerAvg": 3729,
        "unit": "만원"
    },
    "category": [
        "전기",
        "전자",
        "제어"
    ],
    "employeeRatio": {
        "male": 92,
        "female": 8
    },
    "totalSales": {
        "value": 45030,
        "unit": "백만원"
    },
    "likes": 2632,
    "benefits": {
        "title": "복리후생",
        "sections": [
            {
                "head": "연금·보험",
                "body": [
                    "국민연금",
                    "고용보험",
                    "산재보험",
                    "건강보험",
                    "상해보험"
                ]
            },
            {
                "head": "휴무·휴가·행사",
                "body": [
                    "주5일제",
                    "연차제도",
                    "정기휴가",
                    "경조휴가"
                ]
            },
            {
                "head": "보상·수당·지원",
                "body": [
                    "퇴직금",
                    "경조금",
                    "자녀교육비",
                    "사내대출",
                    "장기근속 포상",
                    "우수사원 포상제도",
                    "가족 의료비 지원",
                    "임직원 교육비",
                    "각종 기념일 선물",
                    "도서 구입비 지원",
                    "임직원 학자금",
                    "성과급"
                ]
            },
            {
                "head": "사내시설",
                "body": [
                    "기숙사 지원",
                    "구내식당",
                    "헬스시설",
                    "사내도서관"
                ]
            },
            {
                "head": "편의·여가·건강",
                "body": [
                    "건강검진",
                    "점심 식사 지원",
                    "저녁 식사 지원",
                    "아침 식사 지원"
                ]
            }
        ]
    },
    "logo": "다원시스.jpg",
    "majorCategory": [
        "제조·기계·산업"
    ]
}