{
    "companyName": "뉴빛테크놀러지",
    "headCount": null,
    "salary": {
        "allAvg": 4107,
        "newcomerAvg": null,
        "unit": "만원"
    },
    "category": [
        "전기",
        "전자",
        "제어"
    ],
    "employeeRatio": {},
    "totalSales": {
        "value": null,
        "unit": "백만원"
    },
    "likes": 218,
    "benefits": {},
    "logo": "뉴빛테크놀러지.JPG",
    "majorCategory": [
        "제조·기계·산업"
    ]
}