{
    "companyName": "다날에프엔비",
    "headCount": 117,
    "salary": {
        "allAvg": 3098,
        "newcomerAvg": null,
        "unit": "만원"
    },
    "category": [
        "음식료",
        "외식",
        "프랜차이즈"
    ],
    "employeeRatio": {},
    "totalSales": {
        "value": 12800,
        "unit": "백만원"
    },
    "likes": 1518,
    "benefits": {},
    "logo": "다날에프엔비.png",
    "majorCategory": [
        "유통·소매·물류",
        "숙박·여행·외식·레저"
    ]
}