{
    "companyName": "누리플렉스",
    "headCount": 150,
    "salary": {
        "allAvg": 5212,
        "newcomerAvg": 3550,
        "unit": "만원"
    },
    "category": [
        "네트워크",
        "통신서비스"
    ],
    "employeeRatio": {
        "male": 78,
        "female": 22
    },
    "totalSales": {
        "value": 100000,
        "unit": "백만원"
    },
    "likes": 1738,
    "benefits": {
        "title": "복리후생",
        "sections": [
            {
                "head": "연금·보험",
                "body": [
                    "국민연금",
                    "고용보험",
                    "산재보험",
                    "건강보험"
                ]
            },
            {
                "head": "보상·수당·지원",
                "body": [
                    "경조금",
                    "인센티브",
                    "장기근속 포상",
                    "임직원 교육비",
                    "도서 구입비 지원",
                    "헬스비"
                ]
            },
            {
                "head": "사내시설",
                "body": [
                    "구내식당"
                ]
            },
            {
                "head": "편의·여가·건강",
                "body": [
                    "사내 동호회",
                    "건강검진",
                    "점심 식사 지원",
                    "저녁 식사 지원",
                    "휴양시설"
                ]
            }
        ]
    },
    "logo": "누리플렉스.png",
    "majorCategory": [
        "IT·디지털 및 소프트웨어"
    ]
}