{
    "companyName": "다날",
    "headCount": 254,
    "salary": {
        "allAvg": 5766,
        "newcomerAvg": 3663,
        "unit": "만원"
    },
    "category": [
        "모바일",
        "APP"
    ],
    "employeeRatio": {
        "male": 56,
        "female": 44
    },
    "totalSales": {
        "value": 46780,
        "unit": "백만원"
    },
    "likes": 3950,
    "benefits": {},
    "logo": "다날.jpg",
    "majorCategory": [
        "IT·디지털 및 소프트웨어"
    ]
}