{
    "companyName": "단군소프트",
    "headCount": 51,
    "salary": {
        "allAvg": 4853,
        "newcomerAvg": 2600,
        "unit": "만원"
    },
    "category": [
        "솔루션",
        "SI",
        "CRM",
        "ERP"
    ],
    "employeeRatio": {},
    "totalSales": {
        "value": 75800,
        "unit": "백만원"
    },
    "likes": 486,
    "benefits": {
        "title": "복리후생",
        "sections": [
            {
                "head": "연금·보험",
                "body": [
                    "국민연금",
                    "고용보험",
                    "산재보험",
                    "건강보험"
                ]
            },
            {
                "head": "휴무·휴가·행사",
                "body": [
                    "주5일제",
                    "연차제도",
                    "경조휴가",
                    "반차제도",
                    "노동절 휴무",
                    "워크샵/MT",
                    "공휴일 휴무",
                    "반반차 제도",
                    "자유로운 휴가문화",
                    "주말 휴무"
                ]
            },
            {
                "head": "보상·수당·지원",
                "body": [
                    "퇴직금",
                    "경조금",
                    "인센티브",
                    "장기근속 포상",
                    "우수사원 포상제도",
                    "가족 의료비 지원",
                    "임직원 교육비",
                    "자기개발 지원",
                    "각종 기념일 선물",
                    "도서 구입비 지원",
                    "헬스비",
                    "성과급",
                    "복리후생 지원"
                ]
            },
            {
                "head": "사내제도·성장",
                "body": [
                    "신입 사원 교육",
                    "수평적 문화"
                ]
            },
            {
                "head": "사내시설",
                "body": [
                    "쾌적한 업무공간"
                ]
            },
            {
                "head": "편의·여가·건강",
                "body": [
                    "건강검진"
                ]
            }
        ]
    },
    "logo": "단군소프트.png",
    "majorCategory": [
        "IT·디지털 및 소프트웨어"
    ]
}