{
    "companyName": "덴티움",
    "headCount": 860,
    "salary": {
        "allAvg": 5654,
        "newcomerAvg": 3952,
        "unit": "만원"
    },
    "category": [
        "제약",
        "보건",
        "바이오"
    ],
    "employeeRatio": {
        "male": 75,
        "female": 25
    },
    "totalSales": {
        "value": 400000,
        "unit": "백만원"
    },
    "likes": 3265,
    "benefits": {
        "title": "복리후생",
        "sections": [
            {
                "head": "연금·보험",
                "body": [
                    "국민연금",
                    "고용보험",
                    "산재보험",
                    "건강보험",
                    "퇴직연금"
                ]
            },
            {
                "head": "휴무·휴가·행사",
                "body": [
                    "주5일제",
                    "연차제도",
                    "월차제도",
                    "정기휴가",
                    "경조휴가",
                    "반차제도",
                    "출산휴가",
                    "육아휴직",
                    "공휴일 휴무",
                    "자유로운 휴가문화"
                ]
            },
            {
                "head": "보상·수당·지원",
                "body": [
                    "퇴직금",
                    "경조금",
                    "인센티브",
                    "사내대출",
                    "장기근속 포상",
                    "우수사원 포상제도",
                    "각종 수당",
                    "야간근로수당",
                    "직책수당",
                    "장기근속수당",
                    "명절선물/명절상여",
                    "성과급",
                    "상여금",
                    "연차수당",
                    "회사 차량 지원"
                ]
            },
            {
                "head": "사내제도·성장",
                "body": [
                    "신입 사원 교육",
                    "직무능력향상교육",
                    "리더쉽강화교육",
                    "사이버연수원운영",
                    "해외주재원",
                    "교육/세미나/스터디",
                    "주52시간"
                ]
            },
            {
                "head": "사내시설",
                "body": [
                    "기숙사 지원",
                    "구내식당",
                    "휴식공간",
                    "헬스시설",
                    "카페테리아",
                    "사내도서관",
                    "주차장",
                    "여성전용휴게실",
                    "샤워실",
                    "전용사옥"
                ]
            },
            {
                "head": "편의·여가·건강",
                "body": [
                    "건강검진",
                    "근무복 지원",
                    "휴양시설"
                ]
            },
            {
                "head": "기타",
                "body": [
                    "명절선물"
                ]
            }
        ]
    },
    "logo": "덴티움.gif",
    "majorCategory": [
        "의료·보건·복지"
    ]
}