{
    "companyName": "덱스타",
    "headCount": 12,
    "salary": {
        "allAvg": 4522,
        "newcomerAvg": null,
        "unit": "만원"
    },
    "category": [
        "솔루션",
        "SI",
        "CRM",
        "ERP"
    ],
    "employeeRatio": {},
    "totalSales": {
        "value": 1050,
        "unit": "백만원"
    },
    "likes": 34,
    "benefits": {},
    "logo": "덱스타.jpg",
    "majorCategory": [
        "IT·디지털 및 소프트웨어"
    ]
}