{
    "companyName": "덴츠플라이시로나코리아",
    "headCount": 100,
    "salary": {
        "allAvg": 5008,
        "newcomerAvg": null,
        "unit": "만원"
    },
    "category": [
        "제약",
        "보건",
        "바이오"
    ],
    "employeeRatio": {},
    "totalSales": {
        "value": 50000,
        "unit": "백만원"
    },
    "likes": 345,
    "benefits": {
        "title": "복리후생",
        "sections": [
            {
                "head": "연금·보험",
                "body": [
                    "국민연금",
                    "고용보험",
                    "산재보험",
                    "건강보험",
                    "퇴직연금",
                    "상해보험",
                    "실비보험"
                ]
            },
            {
                "head": "휴무·휴가·행사",
                "body": [
                    "주5일제",
                    "연차제도",
                    "경조휴가",
                    "반차제도",
                    "출산휴가",
                    "육아휴직",
                    "남성출산휴가",
                    "노동절 휴무",
                    "워크샵/MT",
                    "공휴일 휴무",
                    "반반차 제도",
                    "패밀리데이"
                ]
            },
            {
                "head": "보상·수당·지원",
                "body": [
                    "경조금",
                    "장기근속 포상",
                    "우수사원 포상제도",
                    "야간교통비 지급",
                    "성과급",
                    "복지포인트",
                    "회식비 지원",
                    "웰컴키트"
                ]
            },
            {
                "head": "사내제도·성장",
                "body": [
                    "신입 사원 교육",
                    "노조/노사협의회",
                    "님/닉네임 호칭",
                    "수평적 문화",
                    "유연근무제"
                ]
            },
            {
                "head": "사내시설",
                "body": [
                    "카페테리아",
                    "사내도서관",
                    "수유실"
                ]
            },
            {
                "head": "편의·여가·건강",
                "body": [
                    "사내 동호회",
                    "건강검진"
                ]
            }
        ]
    },
    "logo": "덴츠플라이시로나코리아.jpg",
    "majorCategory": [
        "의료·보건·복지"
    ]
}