{
    "companyName": "데이터월드",
    "headCount": 62,
    "salary": {
        "allAvg": 4346,
        "newcomerAvg": null,
        "unit": "만원"
    },
    "category": [
        "솔루션",
        "SI",
        "CRM",
        "ERP"
    ],
    "employeeRatio": {},
    "totalSales": {
        "value": 4800,
        "unit": "백만원"
    },
    "likes": 34,
    "benefits": {},
    "logo": "데이터월드.jpg",
    "majorCategory": [
        "IT·디지털 및 소프트웨어"
    ]
}