{
    "companyName": "데이타포인트",
    "headCount": 8,
    "salary": {
        "allAvg": 3070,
        "newcomerAvg": null,
        "unit": "만원"
    },
    "category": [
        "솔루션",
        "SI",
        "CRM",
        "ERP"
    ],
    "employeeRatio": {},
    "totalSales": {
        "value": 1410,
        "unit": "백만원"
    },
    "likes": 182,
    "benefits": {},
    "logo": "데이타포인트.JPG",
    "majorCategory": [
        "IT·디지털 및 소프트웨어"
    ]
}