{
    "companyName": "데이타링크시스템스",
    "headCount": 16,
    "salary": {
        "allAvg": 4167,
        "newcomerAvg": null,
        "unit": "만원"
    },
    "category": [
        "네트워크",
        "통신서비스"
    ],
    "employeeRatio": {},
    "totalSales": {
        "value": 3000,
        "unit": "백만원"
    },
    "likes": 75,
    "benefits": {},
    "logo": "데이타링크시스템스.gif",
    "majorCategory": [
        "IT·디지털 및 소프트웨어"
    ]
}