{
    "companyName": "데상트코리아",
    "headCount": 532,
    "salary": {
        "allAvg": 5514,
        "newcomerAvg": null,
        "unit": "만원"
    },
    "category": [
        "섬유",
        "의류",
        "패션"
    ],
    "employeeRatio": {},
    "totalSales": {
        "value": 31200,
        "unit": "백만원"
    },
    "likes": 6487,
    "benefits": {
        "title": "복리후생",
        "sections": [
            {
                "head": "연금·보험",
                "body": [
                    "국민연금",
                    "고용보험",
                    "건강보험"
                ]
            },
            {
                "head": "휴무·휴가·행사",
                "body": [
                    "주5일제"
                ]
            },
            {
                "head": "보상·수당·지원",
                "body": [
                    "경조금",
                    "장기근속 포상",
                    "복리후생 지원",
                    "임직원 할인"
                ]
            },
            {
                "head": "편의·여가·건강",
                "body": [
                    "사내 동호회",
                    "건강검진",
                    "휴양시설"
                ]
            }
        ]
    },
    "logo": "데상트코리아.png",
    "majorCategory": [
        "제조·기계·산업",
        "유통·소매·물류"
    ]
}