{
    "companyName": "데이터엔지니어스랩",
    "headCount": 12,
    "salary": {
        "allAvg": 5424,
        "newcomerAvg": null,
        "unit": "만원"
    },
    "category": [
        "솔루션",
        "SI",
        "CRM",
        "ERP"
    ],
    "employeeRatio": {},
    "totalSales": {
        "value": null,
        "unit": "백만원"
    },
    "likes": 14,
    "benefits": {},
    "logo": "데이터엔지니어스랩.png",
    "majorCategory": [
        "IT·디지털 및 소프트웨어"
    ]
}