{
    "companyName": "데이터스트림즈",
    "headCount": 216,
    "salary": {
        "allAvg": 6080,
        "newcomerAvg": 3600,
        "unit": "만원"
    },
    "category": [
        "솔루션",
        "SI",
        "CRM",
        "ERP"
    ],
    "employeeRatio": {
        "male": 80,
        "female": 20
    },
    "totalSales": {
        "value": 25310,
        "unit": "백만원"
    },
    "likes": 420,
    "benefits": {
        "title": "복리후생",
        "sections": [
            {
                "head": "연금·보험",
                "body": [
                    "국민연금",
                    "고용보험",
                    "산재보험",
                    "건강보험",
                    "퇴직연금"
                ]
            },
            {
                "head": "휴무·휴가·행사",
                "body": [
                    "연차제도",
                    "경조휴가",
                    "반차제도",
                    "포상휴가",
                    "출산휴가",
                    "육아휴직",
                    "남성출산휴가",
                    "보건휴가",
                    "노동절 휴무",
                    "창립일 행사",
                    "워크샵/MT"
                ]
            },
            {
                "head": "보상·수당·지원",
                "body": [
                    "퇴직금",
                    "사내대출",
                    "장기근속 포상",
                    "우수사원 포상제도",
                    "임직원 교육비",
                    "명절선물/명절상여",
                    "야간교통비 지급",
                    "도서 구입비 지원",
                    "성과급"
                ]
            },
            {
                "head": "사내제도·성장",
                "body": [
                    "신입 사원 교육",
                    "해외주재원"
                ]
            },
            {
                "head": "사내시설",
                "body": [
                    "기숙사 지원",
                    "휴식공간",
                    "카페테리아",
                    "사내정원"
                ]
            },
            {
                "head": "편의·여가·건강",
                "body": [
                    "사내 동호회",
                    "건강검진",
                    "저녁 식사 지원",
                    "아침 식사 지원"
                ]
            }
        ]
    },
    "logo": "데이터스트림즈.png",
    "majorCategory": [
        "IT·디지털 및 소프트웨어"
    ]
}