{
    "companyName": "데이타와이드",
    "headCount": 14,
    "salary": {
        "allAvg": 5087,
        "newcomerAvg": null,
        "unit": "만원"
    },
    "category": [
        "솔루션",
        "SI",
        "CRM",
        "ERP"
    ],
    "employeeRatio": {},
    "totalSales": {
        "value": 0,
        "unit": "백만원"
    },
    "likes": 39,
    "benefits": {},
    "logo": "데이타와이드.jpg",
    "majorCategory": [
        "IT·디지털 및 소프트웨어"
    ]
}