{
    "companyName": "데브시스터즈",
    "headCount": 300,
    "salary": {
        "allAvg": 8322,
        "newcomerAvg": 3600,
        "unit": "만원"
    },
    "category": [
        "게임",
        "애니메이션"
    ],
    "employeeRatio": {
        "male": 46,
        "female": 54
    },
    "totalSales": {
        "value": null,
        "unit": "백만원"
    },
    "likes": 5375,
    "benefits": {
        "title": "복리후생",
        "sections": [
            {
                "head": "연금·보험",
                "body": [
                    "국민연금",
                    "고용보험",
                    "산재보험"
                ]
            },
            {
                "head": "휴무·휴가·행사",
                "body": [
                    "주5일제",
                    "연차제도"
                ]
            },
            {
                "head": "사내시설",
                "body": [
                    "구내식당",
                    "카페테리아"
                ]
            },
            {
                "head": "편의·여가·건강",
                "body": [
                    "점심 식사 지원",
                    "저녁 식사 지원",
                    "아침 식사 지원"
                ]
            }
        ]
    },
    "logo": "데브시스터즈.png",
    "majorCategory": [
        "미디어·엔터테인먼트·문화"
    ]
}