{
    "companyName": "데이터클립",
    "headCount": 165,
    "salary": {
        "allAvg": 2283,
        "newcomerAvg": null,
        "unit": "만원"
    },
    "category": [
        "솔루션",
        "SI",
        "CRM",
        "ERP"
    ],
    "employeeRatio": {},
    "totalSales": {
        "value": 6800,
        "unit": "백만원"
    },
    "likes": 784,
    "benefits": {},
    "logo": "데이터클립.jpg",
    "majorCategory": [
        "IT·디지털 및 소프트웨어"
    ]
}