{
    "companyName": "데이터플러스",
    "headCount": 23,
    "salary": {
        "allAvg": 4342,
        "newcomerAvg": 6200,
        "unit": "만원"
    },
    "category": [
        "컴퓨터",
        "하드웨어",
        "장비"
    ],
    "employeeRatio": {},
    "totalSales": {
        "value": 6200,
        "unit": "백만원"
    },
    "likes": 290,
    "benefits": {},
    "logo": "데이터플러스.jpg",
    "majorCategory": [
        "IT·디지털 및 소프트웨어",
        "제조·기계·산업"
    ]
}