{
    "companyName": "도미노피자(청오디피케이)",
    "headCount": 418,
    "salary": {
        "allAvg": 3346,
        "newcomerAvg": 3926,
        "unit": "만원"
    },
    "category": [
        "음식료",
        "외식",
        "프랜차이즈"
    ],
    "employeeRatio": {},
    "totalSales": {
        "value": 9490,
        "unit": "백만원"
    },
    "likes": 3372,
    "benefits": {
        "title": "복리후생",
        "sections": [
            {
                "head": "연금·보험",
                "body": [
                    "국민연금",
                    "고용보험",
                    "산재보험",
                    "건강보험"
                ]
            },
            {
                "head": "휴무·휴가·행사",
                "body": [
                    "정기휴가",
                    "육아휴직"
                ]
            },
            {
                "head": "보상·수당·지원",
                "body": [
                    "퇴직금",
                    "경조금",
                    "장기근속 포상"
                ]
            },
            {
                "head": "사내시설",
                "body": [
                    "카페테리아",
                    "장애인용 화장실"
                ]
            },
            {
                "head": "편의·여가·건강",
                "body": [
                    "건강검진",
                    "휴양시설",
                    "무료진료지정병원"
                ]
            }
        ]
    },
    "logo": "도미노피자(청오디피케이).gif",
    "majorCategory": [
        "유통·소매·물류",
        "숙박·여행·외식·레저"
    ]
}