{
    "companyName": "도울정보기술",
    "headCount": 15,
    "salary": {
        "allAvg": 3482,
        "newcomerAvg": null,
        "unit": "만원"
    },
    "category": [
        "솔루션",
        "SI",
        "CRM",
        "ERP"
    ],
    "employeeRatio": {},
    "totalSales": {
        "value": 1500,
        "unit": "백만원"
    },
    "likes": 8,
    "benefits": {},
    "logo": "도울정보기술.jpg",
    "majorCategory": [
        "IT·디지털 및 소프트웨어"
    ]
}