{
    "companyName": "도드람푸드",
    "headCount": 231,
    "salary": {
        "allAvg": 5328,
        "newcomerAvg": 3250,
        "unit": "만원"
    },
    "category": [
        "식품가공"
    ],
    "employeeRatio": {},
    "totalSales": {
        "value": 24130,
        "unit": "백만원"
    },
    "likes": 673,
    "benefits": {
        "title": "복리후생",
        "sections": [
            {
                "head": "연금·보험",
                "body": [
                    "국민연금",
                    "고용보험",
                    "산재보험",
                    "건강보험",
                    "퇴직연금"
                ]
            },
            {
                "head": "휴무·휴가·행사",
                "body": [
                    "주5일제",
                    "연차제도",
                    "월차제도",
                    "경조휴가",
                    "반차제도",
                    "출산휴가",
                    "육아휴직",
                    "남성출산휴가",
                    "창립일 휴무",
                    "노동절 휴무"
                ]
            },
            {
                "head": "보상·수당·지원",
                "body": [
                    "퇴직금",
                    "인센티브",
                    "자녀교육비",
                    "사내대출",
                    "차량유류비",
                    "장기근속 포상",
                    "우수사원 포상제도",
                    "임직원 교육비",
                    "자기개발 지원",
                    "야간근로수당",
                    "휴일근로수당",
                    "연월차제도수당",
                    "직책수당",
                    "자격증 수당",
                    "장기근속수당",
                    "명절선물/명절상여",
                    "주차 지원",
                    "각종 기념일 선물",
                    "도서 구입비 지원",
                    "임직원 학자금",
                    "휴가비",
                    "성과급",
                    "임직원 할인"
                ]
            },
            {
                "head": "사내제도·성장",
                "body": [
                    "신입 사원 교육",
                    "직무능력향상교육",
                    "리더쉽강화교육",
                    "사이버연수원운영"
                ]
            },
            {
                "head": "사내시설",
                "body": [
                    "구내식당",
                    "휴식공간",
                    "주차장"
                ]
            },
            {
                "head": "편의·여가·건강",
                "body": [
                    "사내 동호회",
                    "출퇴근 셔틀버스",
                    "건강검진",
                    "점심 식사 지원",
                    "휴양시설",
                    "식사 지원"
                ]
            }
        ]
    },
    "logo": "도드람푸드.png",
    "majorCategory": [
        "제조·기계·산업"
    ]
}