{
    "companyName": "도전하는사람들",
    "headCount": 50,
    "salary": {
        "allAvg": 5159,
        "newcomerAvg": 3700,
        "unit": "만원"
    },
    "category": [
        "솔루션",
        "SI",
        "CRM",
        "ERP"
    ],
    "employeeRatio": {},
    "totalSales": {
        "value": 23000,
        "unit": "백만원"
    },
    "likes": 210,
    "benefits": {},
    "logo": "도전하는사람들.jpg",
    "majorCategory": [
        "IT·디지털 및 소프트웨어"
    ]
}