{
    "companyName": "도쿄일렉트론코리아",
    "headCount": 1817,
    "salary": {
        "allAvg": 6638,
        "newcomerAvg": 4500,
        "unit": "만원"
    },
    "category": [
        "반도체",
        "디스플레이",
        "광학"
    ],
    "employeeRatio": {},
    "totalSales": {
        "value": 1096500,
        "unit": "백만원"
    },
    "likes": 6839,
    "benefits": {},
    "logo": "도쿄일렉트론코리아.gif",
    "majorCategory": [
        "제조·기계·산업"
    ]
}