{
    "companyName": "동구바이오제약",
    "headCount": 340,
    "salary": {
        "allAvg": 5355,
        "newcomerAvg": 4050,
        "unit": "만원"
    },
    "category": [
        "제약",
        "보건",
        "바이오"
    ],
    "employeeRatio": {
        "male": 63,
        "female": 37
    },
    "totalSales": {
        "value": 35200,
        "unit": "백만원"
    },
    "likes": 1509,
    "benefits": {
        "title": "복리후생",
        "sections": [
            {
                "head": "연금·보험",
                "body": [
                    "국민연금",
                    "고용보험",
                    "산재보험",
                    "건강보험",
                    "퇴직연금"
                ]
            },
            {
                "head": "휴무·휴가·행사",
                "body": [
                    "주5일제",
                    "연차제도",
                    "경조휴가",
                    "반차제도",
                    "위로휴가",
                    "리프레시 휴가",
                    "포상휴가",
                    "출산휴가",
                    "육아휴직",
                    "남성출산휴가",
                    "창립일 휴무",
                    "노동절 휴무"
                ]
            },
            {
                "head": "보상·수당·지원",
                "body": [
                    "퇴직금",
                    "경조금",
                    "인센티브",
                    "자녀교육비",
                    "차량유류비",
                    "장기근속 포상",
                    "우수사원 포상제도",
                    "임직원 교육비",
                    "야간근로수당",
                    "휴일근로수당",
                    "연월차제도수당",
                    "직책수당",
                    "장기근속수당",
                    "야간교통비 지급",
                    "각종 기념일 선물",
                    "임직원 학자금",
                    "성과급",
                    "우리사주제도",
                    "복리후생 지원"
                ]
            },
            {
                "head": "사내시설",
                "body": [
                    "구내식당",
                    "휴식공간",
                    "카페테리아",
                    "여성전용휴게실"
                ]
            },
            {
                "head": "편의·여가·건강",
                "body": [
                    "사내 동호회",
                    "출퇴근 셔틀버스",
                    "건강검진",
                    "점심 식사 지원",
                    "저녁 식사 지원",
                    "휴양시설",
                    "식사 지원"
                ]
            }
        ]
    },
    "logo": "동구바이오제약.jpg",
    "majorCategory": [
        "의료·보건·복지"
    ]
}