{
    "companyName": "도루코",
    "headCount": 413,
    "salary": {
        "allAvg": 6104,
        "newcomerAvg": 4200,
        "unit": "만원"
    },
    "category": [
        "생활용품",
        "소비재",
        "기타"
    ],
    "employeeRatio": {},
    "totalSales": {
        "value": 294500,
        "unit": "백만원"
    },
    "likes": 3768,
    "benefits": {},
    "logo": "도루코.png",
    "majorCategory": [
        "기타·공공",
        "유통·소매·물류"
    ]
}