{
    "companyName": "골드앤",
    "headCount": 56,
    "salary": {
        "allAvg": 3037,
        "newcomerAvg": 2640,
        "unit": "만원"
    },
    "category": [
        "쇼핑몰",
        "오픈마켓",
        "소셜커머스"
    ],
    "employeeRatio": {},
    "totalSales": {
        "value": 19940,
        "unit": "백만원"
    },
    "likes": 215,
    "benefits": {},
    "logo": "골드앤.PNG",
    "majorCategory": [
        "유통·소매·물류"
    ]
}