{
    "companyName": "경인양행",
    "headCount": 485,
    "salary": {
        "allAvg": 5925,
        "newcomerAvg": 4800,
        "unit": "만원"
    },
    "category": [
        "화학",
        "에너지",
        "환경"
    ],
    "employeeRatio": {
        "male": 81,
        "female": 19
    },
    "totalSales": {
        "value": 16180,
        "unit": "백만원"
    },
    "likes": 1912,
    "benefits": {
        "title": "복리후생",
        "sections": [
            {
                "head": "연금·보험",
                "body": [
                    "국민연금",
                    "고용보험",
                    "산재보험",
                    "건강보험"
                ]
            },
            {
                "head": "휴무·휴가·행사",
                "body": [
                    "주5일제",
                    "경조휴가"
                ]
            },
            {
                "head": "보상·수당·지원",
                "body": [
                    "경조금",
                    "자녀교육비",
                    "사내대출",
                    "장기근속 포상",
                    "주거비 지원"
                ]
            },
            {
                "head": "편의·여가·건강",
                "body": [
                    "사내 동호회",
                    "건강검진"
                ]
            }
        ]
    },
    "logo": "경인양행.jpg",
    "majorCategory": [
        "제조·기계·산업"
    ]
}