{
    "companyName": "과학기술인공제회",
    "headCount": 85,
    "salary": {
        "allAvg": 5829,
        "newcomerAvg": 3800,
        "unit": "만원"
    },
    "category": [
        "공기업",
        "공공기관"
    ],
    "employeeRatio": {},
    "totalSales": {
        "value": 20400,
        "unit": "백만원"
    },
    "likes": 369,
    "benefits": {},
    "logo": "과학기술인공제회.png",
    "majorCategory": [
        "기타·공공"
    ]
}