{
    "companyName": "경일게임아이티아카데미",
    "headCount": 50,
    "salary": {
        "allAvg": 3970,
        "newcomerAvg": 4800,
        "unit": "만원"
    },
    "category": [
        "학원",
        "어학원",
        "교육원"
    ],
    "employeeRatio": {},
    "totalSales": {
        "value": 1880,
        "unit": "백만원"
    },
    "likes": 169,
    "benefits": {},
    "logo": "경일게임아이티아카데미.jpg",
    "majorCategory": [
        "교육·연구"
    ]
}