{
    "companyName": "강림중공업",
    "headCount": 286,
    "salary": {
        "allAvg": 5112,
        "newcomerAvg": 4168,
        "unit": "만원"
    },
    "category": [
        "자동차",
        "조선",
        "철강",
        "항공"
    ],
    "employeeRatio": {},
    "totalSales": {
        "value": 211500,
        "unit": "백만원"
    },
    "likes": 703,
    "benefits": {},
    "logo": "강림중공업.gif",
    "majorCategory": [
        "제조·기계·산업",
        "운송·정비·서비스"
    ]
}