{
    "companyName": "강원대학교병원",
    "headCount": 1570,
    "salary": {
        "allAvg": 5786,
        "newcomerAvg": 3240,
        "unit": "만원"
    },
    "category": [
        "제약",
        "보건",
        "바이오"
    ],
    "employeeRatio": {},
    "totalSales": {
        "value": 80340,
        "unit": "백만원"
    },
    "likes": 332,
    "benefits": {},
    "logo": "강원대학교병원(로고없음).jpg",
    "majorCategory": [
        "의료·보건·복지"
    ]
}