{
    "companyName": "경기일보",
    "headCount": 168,
    "salary": {
        "allAvg": 4534,
        "newcomerAvg": 3399,
        "unit": "만원"
    },
    "category": [
        "출판",
        "인쇄",
        "사진"
    ],
    "employeeRatio": {},
    "totalSales": {
        "value": 23000,
        "unit": "백만원"
    },
    "likes": 236,
    "benefits": {},
    "logo": "경기일보.png",
    "majorCategory": [
        "제조·기계·산업",
        "미디어·엔터테인먼트·문화"
    ]
}