{
    "companyName": "경우시스테크",
    "headCount": 93,
    "salary": {
        "allAvg": 4404,
        "newcomerAvg": 3450,
        "unit": "만원"
    },
    "category": [
        "전기",
        "전자",
        "제어"
    ],
    "employeeRatio": {},
    "totalSales": {
        "value": 25000,
        "unit": "백만원"
    },
    "likes": 398,
    "benefits": {},
    "logo": "경우시스테크.jpg",
    "majorCategory": [
        "제조·기계·산업"
    ]
}