{
    "companyName": "골드앤에스",
    "headCount": 45,
    "salary": {
        "allAvg": 4642,
        "newcomerAvg": 2520,
        "unit": "만원"
    },
    "category": [
        "학원",
        "어학원",
        "교육원"
    ],
    "employeeRatio": {
        "male": 32,
        "female": 68
    },
    "totalSales": {
        "value": 9500,
        "unit": "백만원"
    },
    "likes": 850,
    "benefits": {
        "title": "복리후생",
        "sections": [
            {
                "head": "연금·보험",
                "body": [
                    "국민연금",
                    "고용보험",
                    "산재보험",
                    "건강보험",
                    "퇴직연금"
                ]
            },
            {
                "head": "휴무·휴가·행사",
                "body": [
                    "주5일제",
                    "연차제도",
                    "경조휴가",
                    "반차제도"
                ]
            },
            {
                "head": "보상·수당·지원",
                "body": [
                    "퇴직금"
                ]
            },
            {
                "head": "기타",
                "body": [
                    "커피머신",
                    "팀별 공기청정기"
                ]
            }
        ]
    },
    "logo": "골드앤에스.png",
    "majorCategory": [
        "교육·연구"
    ]
}