{
    "companyName": "골드플레이트",
    "headCount": 10,
    "salary": {
        "allAvg": 3340,
        "newcomerAvg": 2400,
        "unit": "만원"
    },
    "category": [
        "쇼핑몰",
        "오픈마켓",
        "소셜커머스"
    ],
    "employeeRatio": {},
    "totalSales": {
        "value": 13400,
        "unit": "백만원"
    },
    "likes": 468,
    "benefits": {},
    "logo": "골드플레이트(로고없음).jpg",
    "majorCategory": [
        "유통·소매·물류"
    ]
}