{
    "companyName": "경성문화사",
    "headCount": null,
    "salary": {
        "allAvg": 3848,
        "newcomerAvg": null,
        "unit": "만원"
    },
    "category": [
        "출판",
        "인쇄",
        "사진"
    ],
    "employeeRatio": {},
    "totalSales": {
        "value": null,
        "unit": "백만원"
    },
    "likes": 1657,
    "benefits": {
        "title": "복리후생",
        "sections": [
            {
                "head": "연금·보험",
                "body": [
                    "국민연금",
                    "고용보험",
                    "산재보험",
                    "건강보험",
                    "퇴직연금"
                ]
            },
            {
                "head": "휴무·휴가·행사",
                "body": [
                    "주5일제",
                    "정기휴가",
                    "경조휴가"
                ]
            },
            {
                "head": "보상·수당·지원",
                "body": [
                    "경조금",
                    "장기근속 포상",
                    "우수사원 포상제도",
                    "야간근로수당",
                    "휴일근로수당",
                    "직책수당"
                ]
            },
            {
                "head": "편의·여가·건강",
                "body": [
                    "건강검진"
                ]
            }
        ]
    },
    "logo": "경성문화사.png",
    "majorCategory": [
        "제조·기계·산업",
        "미디어·엔터테인먼트·문화"
    ]
}