{
    "companyName": "경복궁면세점",
    "headCount": 109,
    "salary": {
        "allAvg": 3919,
        "newcomerAvg": 3307,
        "unit": "만원"
    },
    "category": [
        "백화점",
        "유통",
        "도소매"
    ],
    "employeeRatio": {},
    "totalSales": {
        "value": 98400,
        "unit": "백만원"
    },
    "likes": 542,
    "benefits": {
        "title": "복리후생",
        "sections": [
            {
                "head": "연금·보험",
                "body": [
                    "국민연금",
                    "고용보험",
                    "산재보험",
                    "건강보험"
                ]
            },
            {
                "head": "휴무·휴가·행사",
                "body": [
                    "주5일제",
                    "연차제도",
                    "월차제도",
                    "정기휴가",
                    "경조휴가",
                    "반차제도",
                    "출산휴가",
                    "육아휴직",
                    "남성출산휴가",
                    "노동절 휴무",
                    "공휴일 휴무",
                    "반반차 제도",
                    "자유로운 휴가문화",
                    "주말 휴무"
                ]
            },
            {
                "head": "보상·수당·지원",
                "body": [
                    "퇴직금",
                    "경조금",
                    "인센티브",
                    "야간근로수당",
                    "휴일근로수당",
                    "자격증 수당",
                    "명절선물/명절상여",
                    "야간교통비 지급",
                    "휴가비",
                    "성과급",
                    "상여금",
                    "연장근로수당",
                    "연차수당"
                ]
            },
            {
                "head": "사내제도·성장",
                "body": [
                    "수평적 문화",
                    "주40시간",
                    "주52시간"
                ]
            },
            {
                "head": "사내시설",
                "body": [
                    "휴식공간",
                    "탕비실"
                ]
            },
            {
                "head": "편의·여가·건강",
                "body": [
                    "근무복 지원",
                    "식사 지원",
                    "음료/간식 제공"
                ]
            }
        ]
    },
    "logo": "경복궁면세점.JPG",
    "majorCategory": [
        "유통·소매·물류"
    ]
}