{
    "companyName": "공차코리아",
    "headCount": 302,
    "salary": {
        "allAvg": 2251,
        "newcomerAvg": 2600,
        "unit": "만원"
    },
    "category": [
        "음식료",
        "외식",
        "프랜차이즈"
    ],
    "employeeRatio": {},
    "totalSales": {
        "value": 23140,
        "unit": "백만원"
    },
    "likes": 6579,
    "benefits": {
        "title": "복리후생",
        "sections": [
            {
                "head": "연금·보험",
                "body": [
                    "국민연금",
                    "고용보험",
                    "산재보험",
                    "건강보험",
                    "퇴직연금"
                ]
            },
            {
                "head": "휴무·휴가·행사",
                "body": [
                    "주5일제",
                    "연차제도",
                    "월차제도",
                    "정기휴가",
                    "경조휴가",
                    "반차제도",
                    "출산휴가",
                    "육아휴직",
                    "남성출산휴가",
                    "노동절 휴무",
                    "야유회",
                    "자유로운 휴가문화"
                ]
            },
            {
                "head": "보상·수당·지원",
                "body": [
                    "퇴직금",
                    "경조금",
                    "인센티브",
                    "장기근속 포상",
                    "우수사원 포상제도",
                    "명절선물/명절상여",
                    "성과급",
                    "임직원 할인"
                ]
            },
            {
                "head": "편의·여가·건강",
                "body": [
                    "건강검진"
                ]
            }
        ]
    },
    "logo": "공차코리아.jpg",
    "majorCategory": [
        "유통·소매·물류",
        "숙박·여행·외식·레저"
    ]
}