{
    "companyName": "공항철도",
    "headCount": 559,
    "salary": {
        "allAvg": 6101,
        "newcomerAvg": 2800,
        "unit": "만원"
    },
    "category": [
        "물류",
        "운송",
        "배송"
    ],
    "employeeRatio": {},
    "totalSales": {
        "value": 62540,
        "unit": "백만원"
    },
    "likes": 2062,
    "benefits": {},
    "logo": "공항철도.jpg",
    "majorCategory": [
        "운송·정비·서비스",
        "유통·소매·물류"
    ]
}