{
    "companyName": "경포씨엔씨",
    "headCount": 164,
    "salary": {
        "allAvg": 3515,
        "newcomerAvg": null,
        "unit": "만원"
    },
    "category": [
        "솔루션",
        "SI",
        "CRM",
        "ERP"
    ],
    "employeeRatio": {},
    "totalSales": {
        "value": 33970,
        "unit": "백만원"
    },
    "likes": 764,
    "benefits": {},
    "logo": "경포씨엔씨.jpg",
    "majorCategory": [
        "IT·디지털 및 소프트웨어"
    ]
}