{
    "companyName": "경동엔지니어링",
    "headCount": 890,
    "salary": {
        "allAvg": 6007,
        "newcomerAvg": null,
        "unit": "만원"
    },
    "category": [
        "건설",
        "시공",
        "토목",
        "조경"
    ],
    "employeeRatio": {},
    "totalSales": {
        "value": 89700,
        "unit": "백만원"
    },
    "likes": 991,
    "benefits": {
        "title": "복리후생",
        "sections": [
            {
                "head": "연금·보험",
                "body": [
                    "국민연금",
                    "고용보험",
                    "산재보험",
                    "건강보험",
                    "퇴직연금",
                    "상해보험"
                ]
            },
            {
                "head": "휴무·휴가·행사",
                "body": [
                    "주5일제",
                    "연차제도",
                    "경조휴가",
                    "반차제도",
                    "출산휴가",
                    "육아휴직",
                    "남성출산휴가",
                    "보건휴가",
                    "창립일 휴무",
                    "노동절 휴무",
                    "창립일 행사",
                    "야유회"
                ]
            },
            {
                "head": "보상·수당·지원",
                "body": [
                    "퇴직금",
                    "경조금",
                    "자녀교육비",
                    "장기근속 포상",
                    "우수사원 포상제도",
                    "야간근로수당",
                    "휴일근로수당",
                    "직책수당",
                    "자격증 수당",
                    "명절선물/명절상여",
                    "성과급"
                ]
            },
            {
                "head": "사내제도·성장",
                "body": [
                    "신입 사원 교육",
                    "직무능력향상교육"
                ]
            },
            {
                "head": "사내시설",
                "body": [
                    "사내정원",
                    "수유실",
                    "비상경보장치"
                ]
            },
            {
                "head": "편의·여가·건강",
                "body": [
                    "건강검진",
                    "저녁 식사 지원",
                    "근무복 지원",
                    "휴양시설"
                ]
            }
        ]
    },
    "logo": "경동엔지니어링.gif",
    "majorCategory": [
        "건설·부동산·인테리어"
    ]
}