{
    "companyName": "공무원연금공단",
    "headCount": 526,
    "salary": {
        "allAvg": 6990,
        "newcomerAvg": 3258,
        "unit": "만원"
    },
    "category": [
        "공기업",
        "공공기관"
    ],
    "employeeRatio": {},
    "totalSales": {
        "value": 16000000,
        "unit": "백만원"
    },
    "likes": 3696,
    "benefits": {},
    "logo": "공무원연금공단.jpg",
    "majorCategory": [
        "기타·공공"
    ]
}