{
    "companyName": "경남제약",
    "headCount": 253,
    "salary": {
        "allAvg": 4800,
        "newcomerAvg": 2940,
        "unit": "만원"
    },
    "category": [
        "제약",
        "보건",
        "바이오"
    ],
    "employeeRatio": {
        "male": 64,
        "female": 36
    },
    "totalSales": {
        "value": 59129,
        "unit": "백만원"
    },
    "likes": 1537,
    "benefits": {
        "title": "복리후생",
        "sections": [
            {
                "head": "연금·보험",
                "body": [
                    "국민연금",
                    "고용보험",
                    "산재보험",
                    "건강보험",
                    "퇴직연금"
                ]
            },
            {
                "head": "휴무·휴가·행사",
                "body": [
                    "주5일제",
                    "연차제도",
                    "정기휴가",
                    "출산휴가",
                    "육아휴직",
                    "노동절 휴무"
                ]
            },
            {
                "head": "보상·수당·지원",
                "body": [
                    "퇴직금",
                    "인센티브",
                    "우수사원 포상제도",
                    "임직원 교육비"
                ]
            },
            {
                "head": "사내시설",
                "body": [
                    "휴식공간"
                ]
            },
            {
                "head": "편의·여가·건강",
                "body": [
                    "사내 동호회",
                    "점심 식사 지원"
                ]
            }
        ]
    },
    "logo": "경남제약.JPG",
    "majorCategory": [
        "의료·보건·복지"
    ]
}