{
    "companyName": "경동나비엔",
    "headCount": 1724,
    "salary": {
        "allAvg": 5908,
        "newcomerAvg": 4690,
        "unit": "만원"
    },
    "category": [
        "기계",
        "기계설비"
    ],
    "employeeRatio": {
        "male": 88,
        "female": 12
    },
    "totalSales": {
        "value": 95050,
        "unit": "백만원"
    },
    "likes": 2651,
    "benefits": {
        "title": "복리후생",
        "sections": [
            {
                "head": "휴무·휴가·행사",
                "body": [
                    "경조휴가"
                ]
            },
            {
                "head": "보상·수당·지원",
                "body": [
                    "자녀교육비",
                    "야간근로수당",
                    "주차 지원",
                    "야간교통비 지급"
                ]
            }
        ]
    },
    "logo": "경동나비엔.png",
    "majorCategory": [
        "제조·기계·산업"
    ]
}