{
    "companyName": "경림이앤지",
    "headCount": 22,
    "salary": {
        "allAvg": 4631,
        "newcomerAvg": null,
        "unit": "만원"
    },
    "category": [
        "네트워크",
        "통신서비스"
    ],
    "employeeRatio": {},
    "totalSales": {
        "value": 20310,
        "unit": "백만원"
    },
    "likes": 75,
    "benefits": {},
    "logo": "경림이앤지(로고없음).jpg",
    "majorCategory": [
        "IT·디지털 및 소프트웨어"
    ]
}