{
    "companyName": "경유산업",
    "headCount": 45,
    "salary": {
        "allAvg": 3604,
        "newcomerAvg": null,
        "unit": "만원"
    },
    "category": [
        "백화점",
        "유통",
        "도소매"
    ],
    "employeeRatio": {},
    "totalSales": {
        "value": 6670,
        "unit": "백만원"
    },
    "likes": 101,
    "benefits": {},
    "logo": "경유산업.jpg",
    "majorCategory": [
        "유통·소매·물류"
    ]
}