{
    "companyName": "가비아씨엔에스",
    "headCount": 148,
    "salary": {
        "allAvg": 4017,
        "newcomerAvg": null,
        "unit": "만원"
    },
    "category": [
        "솔루션",
        "SI",
        "CRM",
        "ERP"
    ],
    "employeeRatio": {},
    "totalSales": {
        "value": 19600,
        "unit": "백만원"
    },
    "likes": 968,
    "benefits": {},
    "logo": "가비아씨엔에스.jpg",
    "majorCategory": [
        "IT·디지털 및 소프트웨어"
    ]
}