{
    "companyName": "가이스트코리아",
    "headCount": 70,
    "salary": {
        "allAvg": 3189,
        "newcomerAvg": null,
        "unit": "만원"
    },
    "category": [
        "솔루션",
        "SI",
        "CRM",
        "ERP"
    ],
    "employeeRatio": {},
    "totalSales": {
        "value": 9000,
        "unit": "백만원"
    },
    "likes": 198,
    "benefits": {},
    "logo": "가이스트코리아.gif",
    "majorCategory": [
        "IT·디지털 및 소프트웨어"
    ]
}