{
    "companyName": "갈렙스랩",
    "headCount": 15,
    "salary": {
        "allAvg": 4385,
        "newcomerAvg": null,
        "unit": "만원"
    },
    "category": [
        "솔루션",
        "SI",
        "CRM",
        "ERP"
    ],
    "employeeRatio": {},
    "totalSales": {
        "value": 1800,
        "unit": "백만원"
    },
    "likes": 10,
    "benefits": {},
    "logo": "갈렙스랩.jpg",
    "majorCategory": [
        "IT·디지털 및 소프트웨어"
    ]
}