{
    "companyName": "가온그룹",
    "headCount": 500,
    "salary": {
        "allAvg": 6525,
        "newcomerAvg": null,
        "unit": "만원"
    },
    "category": [
        "전기",
        "전자",
        "제어"
    ],
    "employeeRatio": {
        "male": 85,
        "female": 15
    },
    "totalSales": {
        "value": 611200,
        "unit": "백만원"
    },
    "likes": 1117,
    "benefits": {},
    "logo": "가온그룹.PNG",
    "majorCategory": [
        "제조·기계·산업"
    ]
}