{
    "companyName": "가톨릭대학교산학협력단",
    "headCount": null,
    "salary": {
        "allAvg": 3704,
        "newcomerAvg": 6000,
        "unit": "만원"
    },
    "category": [
        "초등학교",
        "중학교",
        "고등학교",
        "대학교",
        "특수학교"
    ],
    "employeeRatio": {},
    "totalSales": {
        "value": null,
        "unit": "백만원"
    },
    "likes": 652,
    "benefits": {},
    "logo": "가톨릭대학교산학협력단.gif",
    "majorCategory": [
        "교육·연구"
    ]
}