{
    "companyName": "가연결혼정보",
    "headCount": 200,
    "salary": {
        "allAvg": 3538,
        "newcomerAvg": 3300,
        "unit": "만원"
    },
    "category": [
        "웨딩",
        "상조",
        "이벤트"
    ],
    "employeeRatio": {},
    "totalSales": {
        "value": null,
        "unit": "백만원"
    },
    "likes": 2209,
    "benefits": {},
    "logo": "가연결혼정보.gif",
    "majorCategory": [
        "기타·공공",
        "숙박·여행·외식·레저",
        "광고·마케팅 및 전문서비스"
    ]
}