{
    "companyName": "가레트모션코리아(유)",
    "headCount": 267,
    "salary": {
        "allAvg": 4700,
        "newcomerAvg": 5300,
        "unit": "만원"
    },
    "category": [
        "자동차",
        "조선",
        "철강",
        "항공"
    ],
    "employeeRatio": {},
    "totalSales": {
        "value": 60760,
        "unit": "백만원"
    },
    "likes": 373,
    "benefits": {},
    "logo": "가레트모션코리아(유).png",
    "majorCategory": [
        "제조·기계·산업",
        "운송·정비·서비스"
    ]
}