{
    "companyName": "가온정보시스템",
    "headCount": 6,
    "salary": {
        "allAvg": 3964,
        "newcomerAvg": null,
        "unit": "만원"
    },
    "category": [
        "솔루션",
        "SI",
        "CRM",
        "ERP"
    ],
    "employeeRatio": {},
    "totalSales": {
        "value": null,
        "unit": "백만원"
    },
    "likes": 38,
    "benefits": {},
    "logo": "가온정보시스템.gif",
    "majorCategory": [
        "IT·디지털 및 소프트웨어"
    ]
}