{
    "companyName": "가온아이",
    "headCount": 253,
    "salary": {
        "allAvg": 3568,
        "newcomerAvg": 4100,
        "unit": "만원"
    },
    "category": [
        "솔루션",
        "SI",
        "CRM",
        "ERP"
    ],
    "employeeRatio": {},
    "totalSales": {
        "value": 46600,
        "unit": "백만원"
    },
    "likes": 538,
    "benefits": {},
    "logo": "가온아이.png",
    "majorCategory": [
        "IT·디지털 및 소프트웨어"
    ]
}