{
    "companyName": "가온소프트",
    "headCount": 60,
    "salary": {
        "allAvg": 3860,
        "newcomerAvg": null,
        "unit": "만원"
    },
    "category": [
        "솔루션",
        "SI",
        "CRM",
        "ERP"
    ],
    "employeeRatio": {},
    "totalSales": {
        "value": 6700,
        "unit": "백만원"
    },
    "likes": 65,
    "benefits": {},
    "logo": "가온소프트.png",
    "majorCategory": [
        "IT·디지털 및 소프트웨어"
    ]
}