{
    "companyName": "가을디에스",
    "headCount": 30,
    "salary": {
        "allAvg": 4310,
        "newcomerAvg": null,
        "unit": "만원"
    },
    "category": [
        "컴퓨터",
        "하드웨어",
        "장비"
    ],
    "employeeRatio": {},
    "totalSales": {
        "value": 13600,
        "unit": "백만원"
    },
    "likes": 27,
    "benefits": {},
    "logo": "가을디에스.JPG",
    "majorCategory": [
        "IT·디지털 및 소프트웨어",
        "제조·기계·산업"
    ]
}