{
    "companyName": "가시",
    "headCount": 13,
    "salary": {
        "allAvg": 4340,
        "newcomerAvg": null,
        "unit": "만원"
    },
    "category": [
        "컴퓨터",
        "하드웨어",
        "장비"
    ],
    "employeeRatio": {},
    "totalSales": {
        "value": 1680,
        "unit": "백만원"
    },
    "likes": 9,
    "benefits": {},
    "logo": "가시.jpg",
    "majorCategory": [
        "IT·디지털 및 소프트웨어",
        "제조·기계·산업"
    ]
}