{
    "companyName": "가연아이앤씨",
    "headCount": 20,
    "salary": {
        "allAvg": 4627,
        "newcomerAvg": null,
        "unit": "만원"
    },
    "category": [
        "솔루션",
        "SI",
        "CRM",
        "ERP"
    ],
    "employeeRatio": {},
    "totalSales": {
        "value": 4000,
        "unit": "백만원"
    },
    "likes": 71,
    "benefits": {},
    "logo": "가연아이앤씨.jpg",
    "majorCategory": [
        "IT·디지털 및 소프트웨어"
    ]
}