{
    "companyName": "가리온정보기술",
    "headCount": 20,
    "salary": {
        "allAvg": 4557,
        "newcomerAvg": null,
        "unit": "만원"
    },
    "category": [
        "컴퓨터",
        "하드웨어",
        "장비"
    ],
    "employeeRatio": {},
    "totalSales": {
        "value": 7000,
        "unit": "백만원"
    },
    "likes": 23,
    "benefits": {},
    "logo": "가리온정보기술.jpg",
    "majorCategory": [
        "IT·디지털 및 소프트웨어",
        "제조·기계·산업"
    ]
}