{
    "companyName": "고려대학교산학협력단",
    "headCount": 556,
    "salary": {
        "allAvg": 3331,
        "newcomerAvg": 5000,
        "unit": "만원"
    },
    "category": [
        "초등학교",
        "중학교",
        "고등학교",
        "대학교",
        "특수학교"
    ],
    "employeeRatio": {},
    "totalSales": {
        "value": 60870,
        "unit": "백만원"
    },
    "likes": 842,
    "benefits": {},
    "logo": "고려대학교산학협력단.jpg",
    "majorCategory": [
        "교육·연구"
    ]
}