{
    "companyName": "고려아카데미컨설팅",
    "headCount": 87,
    "salary": {
        "allAvg": 3820,
        "newcomerAvg": null,
        "unit": "만원"
    },
    "category": [
        "학원",
        "어학원",
        "교육원"
    ],
    "employeeRatio": {},
    "totalSales": {
        "value": 17000,
        "unit": "백만원"
    },
    "likes": 131,
    "benefits": {},
    "logo": "고려아카데미컨설팅.jpg",
    "majorCategory": [
        "교육·연구"
    ]
}