{
    "companyName": "고우넷",
    "headCount": 170,
    "salary": {
        "allAvg": 4496,
        "newcomerAvg": 3233,
        "unit": "만원"
    },
    "category": [
        "컴퓨터",
        "하드웨어",
        "장비"
    ],
    "employeeRatio": {},
    "totalSales": {
        "value": 73250,
        "unit": "백만원"
    },
    "likes": 595,
    "benefits": {
        "title": "복리후생",
        "sections": [
            {
                "head": "연금·보험",
                "body": [
                    "국민연금",
                    "고용보험",
                    "산재보험",
                    "건강보험",
                    "퇴직연금"
                ]
            },
            {
                "head": "휴무·휴가·행사",
                "body": [
                    "주5일제",
                    "연차제도",
                    "경조휴가",
                    "창립일 행사",
                    "워크샵/MT",
                    "체육대회",
                    "야유회"
                ]
            },
            {
                "head": "보상·수당·지원",
                "body": [
                    "퇴직금",
                    "경조금",
                    "장기근속 포상",
                    "우수사원 포상제도"
                ]
            },
            {
                "head": "사내시설",
                "body": [
                    "사내정원"
                ]
            },
            {
                "head": "편의·여가·건강",
                "body": [
                    "사내 동호회",
                    "건강검진"
                ]
            }
        ]
    },
    "logo": "고우넷.png",
    "majorCategory": [
        "IT·디지털 및 소프트웨어",
        "제조·기계·산업"
    ]
}