{
    "companyName": "고우",
    "headCount": 100,
    "salary": {
        "allAvg": 3201,
        "newcomerAvg": null,
        "unit": "만원"
    },
    "category": [
        "콜센터",
        "아웃소싱",
        "기타"
    ],
    "employeeRatio": {},
    "totalSales": {
        "value": 12000,
        "unit": "백만원"
    },
    "likes": 261,
    "benefits": {},
    "logo": "고우.jpg",
    "majorCategory": [
        "기타·공공",
        "운송·정비·서비스",
        "광고·마케팅 및 전문서비스"
    ]
}