{
    "companyName": "고운세상코스메틱",
    "headCount": 183,
    "salary": {
        "allAvg": 4993,
        "newcomerAvg": 4030,
        "unit": "만원"
    },
    "category": [
        "생활화학",
        "화장품"
    ],
    "employeeRatio": {},
    "totalSales": {
        "value": 76600,
        "unit": "백만원"
    },
    "likes": 6976,
    "benefits": {
        "title": "복리후생",
        "sections": [
            {
                "head": "기타",
                "body": [
                    "단체상해보험 가입",
                    "팀회식비 지원",
                    "자녀입학축하금 지원",
                    "경조금 및 휴가",
                    "동호회활동 지원",
                    "자율출퇴근제 시행",
                    "외부교육비 지원",
                    "자율휴가사용(본인결재)",
                    "개별 집중근무시간 활용",
                    "업무 권한 위임",
                    "대학(원) 학비지원",
                    "자기개발 학원비 지원",
                    "상시 사내세미나 운영",
                    "월별 독서경영 운영",
                    "상시 개선의견 접수창구운영",
                    "개선제안위원회 운영",
                    "업무사례발표회(실패사례로 학습, 성공사례로 복습)",
                    "국내외 전사 자율워크샵",
                    "팀팀데이",
                    "Voice of Employee 운영",
                    "영어호칭제도 운영",
                    "월례조회",
                    "성과공유회",
                    "개인연봉제",
                    "연말 성과인센티브",
                    "Flexible Benefit 운영",
                    "부부동반 건강검진 지원",
                    "사내추천제도 인센티브 지원"
                ]
            }
        ]
    },
    "logo": "고운세상코스메틱.jpg",
    "majorCategory": [
        "제조·기계·산업",
        "유통·소매·물류"
    ]
}