{
    "companyName": "고영테크놀러지",
    "headCount": 455,
    "salary": {
        "allAvg": 6470,
        "newcomerAvg": 4200,
        "unit": "만원"
    },
    "category": [
        "반도체",
        "디스플레이",
        "광학"
    ],
    "employeeRatio": {
        "male": 81,
        "female": 19
    },
    "totalSales": {
        "value": 71800,
        "unit": "백만원"
    },
    "likes": 1750,
    "benefits": {
        "title": "복리후생",
        "sections": [
            {
                "head": "연금·보험",
                "body": [
                    "국민연금",
                    "고용보험",
                    "산재보험",
                    "건강보험"
                ]
            },
            {
                "head": "보상·수당·지원",
                "body": [
                    "우수사원 포상제도"
                ]
            },
            {
                "head": "사내제도·성장",
                "body": [
                    "직무능력향상교육",
                    "사이버연수원운영"
                ]
            },
            {
                "head": "사내시설",
                "body": [
                    "구내식당",
                    "헬스시설",
                    "카페테리아",
                    "수면실",
                    "여성전용휴게실",
                    "샤워실"
                ]
            },
            {
                "head": "편의·여가·건강",
                "body": [
                    "출퇴근 셔틀버스",
                    "건강검진"
                ]
            }
        ]
    },
    "logo": "고영테크놀러지.jpg",
    "majorCategory": [
        "제조·기계·산업"
    ]
}