{
    "companyName": "고진모터스",
    "headCount": 457,
    "salary": {
        "allAvg": 4779,
        "newcomerAvg": 4000,
        "unit": "만원"
    },
    "category": [
        "자동차",
        "조선",
        "철강",
        "항공"
    ],
    "employeeRatio": {},
    "totalSales": {
        "value": 423800,
        "unit": "백만원"
    },
    "likes": 1342,
    "benefits": {
        "title": "복리후생",
        "sections": [
            {
                "head": "연금·보험",
                "body": [
                    "국민연금",
                    "고용보험",
                    "산재보험",
                    "건강보험"
                ]
            },
            {
                "head": "보상·수당·지원",
                "body": [
                    "경조금",
                    "자녀교육비",
                    "장기근속 포상",
                    "우수사원 포상제도",
                    "임직원 교육비",
                    "가족수당"
                ]
            },
            {
                "head": "사내시설",
                "body": [
                    "구내식당"
                ]
            },
            {
                "head": "편의·여가·건강",
                "body": [
                    "사내 동호회"
                ]
            }
        ]
    },
    "logo": "고진모터스.jpg",
    "majorCategory": [
        "제조·기계·산업",
        "운송·정비·서비스"
    ]
}