{
    "companyName": "계양전기",
    "headCount": 726,
    "salary": {
        "allAvg": 7333,
        "newcomerAvg": 5000,
        "unit": "만원"
    },
    "category": [
        "자동차",
        "조선",
        "철강",
        "항공"
    ],
    "employeeRatio": {
        "male": 89,
        "female": 11
    },
    "totalSales": {
        "value": 76940,
        "unit": "백만원"
    },
    "likes": 126,
    "benefits": {},
    "logo": "계양전기(로고없음).jpg",
    "majorCategory": [
        "제조·기계·산업",
        "운송·정비·서비스"
    ]
}