{
    "companyName": "고우아이티",
    "headCount": 43,
    "salary": {
        "allAvg": 5041,
        "newcomerAvg": 3000,
        "unit": "만원"
    },
    "category": [
        "솔루션",
        "SI",
        "CRM",
        "ERP"
    ],
    "employeeRatio": {},
    "totalSales": {
        "value": 7600,
        "unit": "백만원"
    },
    "likes": 79,
    "benefits": {},
    "logo": "고우아이티.png",
    "majorCategory": [
        "IT·디지털 및 소프트웨어"
    ]
}