{
    "companyName": "고잉컴",
    "headCount": 86,
    "salary": {
        "allAvg": 3965,
        "newcomerAvg": null,
        "unit": "만원"
    },
    "category": [
        "컴퓨터",
        "하드웨어",
        "장비"
    ],
    "employeeRatio": {},
    "totalSales": {
        "value": 6390,
        "unit": "백만원"
    },
    "likes": 153,
    "benefits": {},
    "logo": "고잉컴.jpg",
    "majorCategory": [
        "IT·디지털 및 소프트웨어",
        "제조·기계·산업"
    ]
}