{
    "companyName": "고려신용정보",
    "headCount": 885,
    "salary": {
        "allAvg": 3667,
        "newcomerAvg": 3067,
        "unit": "만원"
    },
    "category": [
        "은행",
        "금융"
    ],
    "employeeRatio": {
        "male": 27,
        "female": 73
    },
    "totalSales": {
        "value": 54290,
        "unit": "백만원"
    },
    "likes": 2753,
    "benefits": {},
    "logo": "고려신용정보.png",
    "majorCategory": [
        "금융·보험"
    ]
}