{
    "companyName": "건일제약",
    "headCount": 300,
    "salary": {
        "allAvg": 5113,
        "newcomerAvg": 3800,
        "unit": "만원"
    },
    "category": [
        "제약",
        "보건",
        "바이오"
    ],
    "employeeRatio": {},
    "totalSales": {
        "value": 37380,
        "unit": "백만원"
    },
    "likes": 1255,
    "benefits": {},
    "logo": "건일제약.jpg",
    "majorCategory": [
        "의료·보건·복지"
    ]
}