{
    "companyName": "건우통신",
    "headCount": 37,
    "salary": {
        "allAvg": 4129,
        "newcomerAvg": null,
        "unit": "만원"
    },
    "category": [
        "네트워크",
        "통신서비스"
    ],
    "employeeRatio": {},
    "totalSales": {
        "value": 5000,
        "unit": "백만원"
    },
    "likes": 28,
    "benefits": {},
    "logo": "건우통신.jpg",
    "majorCategory": [
        "IT·디지털 및 소프트웨어"
    ]
}