{
    "companyName": "관동정보통신",
    "headCount": 10,
    "salary": {
        "allAvg": 3616,
        "newcomerAvg": null,
        "unit": "만원"
    },
    "category": [
        "네트워크",
        "통신서비스"
    ],
    "employeeRatio": {},
    "totalSales": {
        "value": 1670,
        "unit": "백만원"
    },
    "likes": 62,
    "benefits": {},
    "logo": "관동정보통신.jpg",
    "majorCategory": [
        "IT·디지털 및 소프트웨어"
    ]
}