{
    "companyName": "건솔루션",
    "headCount": 50,
    "salary": {
        "allAvg": 4455,
        "newcomerAvg": null,
        "unit": "만원"
    },
    "category": [
        "솔루션",
        "SI",
        "CRM",
        "ERP"
    ],
    "employeeRatio": {},
    "totalSales": {
        "value": 8700,
        "unit": "백만원"
    },
    "likes": 154,
    "benefits": {},
    "logo": "건솔루션.JPG",
    "majorCategory": [
        "IT·디지털 및 소프트웨어"
    ]
}