{
    "companyName": "갤럭시아커뮤니케이션즈",
    "headCount": 136,
    "salary": {
        "allAvg": 6547,
        "newcomerAvg": null,
        "unit": "만원"
    },
    "category": [
        "솔루션",
        "SI",
        "CRM",
        "ERP"
    ],
    "employeeRatio": {
        "male": 52,
        "female": 48
    },
    "totalSales": {
        "value": 94100,
        "unit": "백만원"
    },
    "likes": 1847,
    "benefits": {},
    "logo": "갤럭시아커뮤니케이션즈.gif",
    "majorCategory": [
        "IT·디지털 및 소프트웨어"
    ]
}