{
    "companyName": "겟앤쇼(Get & Show)",
    "headCount": 6,
    "salary": {
        "allAvg": 5346,
        "newcomerAvg": null,
        "unit": "만원"
    },
    "category": [
        "포털",
        "컨텐츠",
        "커뮤니티"
    ],
    "employeeRatio": {},
    "totalSales": {
        "value": 4240,
        "unit": "백만원"
    },
    "likes": 785,
    "benefits": {},
    "logo": "겟앤쇼(Get & Show).PNG",
    "majorCategory": [
        "인터넷·커뮤니티·포털·디지털 컨텐츠"
    ]
}