{
    "companyName": "광인정보통신",
    "headCount": 13,
    "salary": {
        "allAvg": 4633,
        "newcomerAvg": null,
        "unit": "만원"
    },
    "category": [
        "전기",
        "전자",
        "제어"
    ],
    "employeeRatio": {},
    "totalSales": {
        "value": 2800,
        "unit": "백만원"
    },
    "likes": 41,
    "benefits": {},
    "logo": "광인정보통신.jpg",
    "majorCategory": [
        "제조·기계·산업"
    ]
}