{
    "companyName": "광주도시관리공사",
    "headCount": 460,
    "salary": {
        "allAvg": 5265,
        "newcomerAvg": 3169,
        "unit": "만원"
    },
    "category": [
        "공기업",
        "공공기관"
    ],
    "employeeRatio": {},
    "totalSales": {
        "value": 51529,
        "unit": "백만원"
    },
    "likes": 278,
    "benefits": {},
    "logo": "광주도시관리공사.jpg",
    "majorCategory": [
        "기타·공공"
    ]
}