{
    "companyName": "광명통신안전",
    "headCount": 35,
    "salary": {
        "allAvg": 2991,
        "newcomerAvg": null,
        "unit": "만원"
    },
    "category": [
        "콜센터",
        "아웃소싱",
        "기타"
    ],
    "employeeRatio": {},
    "totalSales": {
        "value": 2200,
        "unit": "백만원"
    },
    "likes": 187,
    "benefits": {},
    "logo": "광명통신안전.png",
    "majorCategory": [
        "기타·공공",
        "운송·정비·서비스",
        "광고·마케팅 및 전문서비스"
    ]
}