{
    "companyName": "기가레인",
    "headCount": 183,
    "salary": {
        "allAvg": 6554,
        "newcomerAvg": 3500,
        "unit": "만원"
    },
    "category": [
        "반도체",
        "디스플레이",
        "광학"
    ],
    "employeeRatio": {
        "male": 74,
        "female": 26
    },
    "totalSales": {
        "value": 39540,
        "unit": "백만원"
    },
    "likes": 415,
    "benefits": {
        "title": "복리후생",
        "sections": [
            {
                "head": "연금·보험",
                "body": [
                    "국민연금",
                    "고용보험",
                    "산재보험",
                    "건강보험",
                    "퇴직연금"
                ]
            },
            {
                "head": "휴무·휴가·행사",
                "body": [
                    "주5일제",
                    "연차제도",
                    "반차제도",
                    "출산휴가",
                    "육아휴직",
                    "남성출산휴가",
                    "보건휴가",
                    "노동절 휴무",
                    "워크샵/MT"
                ]
            },
            {
                "head": "보상·수당·지원",
                "body": [
                    "퇴직금",
                    "경조금",
                    "임직원 교육비"
                ]
            },
            {
                "head": "사내제도·성장",
                "body": [
                    "신입 사원 교육",
                    "직무능력향상교육",
                    "리더쉽강화교육"
                ]
            },
            {
                "head": "사내시설",
                "body": [
                    "기숙사 지원",
                    "구내식당",
                    "휴식공간"
                ]
            },
            {
                "head": "편의·여가·건강",
                "body": [
                    "사내 동호회",
                    "건강검진",
                    "점심 식사 지원"
                ]
            }
        ]
    },
    "logo": "기가레인.png",
    "majorCategory": [
        "제조·기계·산업"
    ]
}