{
    "companyName": "기가바이트테크놀로지",
    "headCount": 24,
    "salary": {
        "allAvg": 4655,
        "newcomerAvg": null,
        "unit": "만원"
    },
    "category": [
        "컴퓨터",
        "하드웨어",
        "장비"
    ],
    "employeeRatio": {},
    "totalSales": {
        "value": null,
        "unit": "백만원"
    },
    "likes": 159,
    "benefits": {},
    "logo": "기가바이트테크놀로지.png",
    "majorCategory": [
        "IT·디지털 및 소프트웨어",
        "제조·기계·산업"
    ]
}