{
    "companyName": "기창인포텍",
    "headCount": 26,
    "salary": {
        "allAvg": 3452,
        "newcomerAvg": null,
        "unit": "만원"
    },
    "category": [
        "컴퓨터",
        "하드웨어",
        "장비"
    ],
    "employeeRatio": {},
    "totalSales": {
        "value": 5070,
        "unit": "백만원"
    },
    "likes": 43,
    "benefits": {},
    "logo": "기창인포텍.jpg",
    "majorCategory": [
        "IT·디지털 및 소프트웨어",
        "제조·기계·산업"
    ]
}