{
    "companyName": "기도산업",
    "headCount": 160,
    "salary": {
        "allAvg": 5507,
        "newcomerAvg": null,
        "unit": "만원"
    },
    "category": [
        "섬유",
        "의류",
        "패션"
    ],
    "employeeRatio": {},
    "totalSales": {
        "value": 24390,
        "unit": "백만원"
    },
    "likes": 691,
    "benefits": {},
    "logo": "기도산업.png",
    "majorCategory": [
        "제조·기계·산업",
        "유통·소매·물류"
    ]
}