{
    "companyName": "기웅정보통신",
    "headCount": 119,
    "salary": {
        "allAvg": 5159,
        "newcomerAvg": 3672,
        "unit": "만원"
    },
    "category": [
        "솔루션",
        "SI",
        "CRM",
        "ERP"
    ],
    "employeeRatio": {},
    "totalSales": {
        "value": 20000,
        "unit": "백만원"
    },
    "likes": 352,
    "benefits": {},
    "logo": "기웅정보통신.jpg",
    "majorCategory": [
        "IT·디지털 및 소프트웨어"
    ]
}