{
    "companyName": "기가비스",
    "headCount": 126,
    "salary": {
        "allAvg": 8310,
        "newcomerAvg": 5280,
        "unit": "만원"
    },
    "category": [
        "전기",
        "전자",
        "제어"
    ],
    "employeeRatio": {
        "male": 90,
        "female": 10
    },
    "totalSales": {
        "value": 91420,
        "unit": "백만원"
    },
    "likes": 308,
    "benefits": {
        "title": "복리후생",
        "sections": [
            {
                "head": "연금·보험",
                "body": [
                    "국민연금",
                    "고용보험",
                    "산재보험",
                    "건강보험"
                ]
            },
            {
                "head": "휴무·휴가·행사",
                "body": [
                    "주5일제",
                    "연차제도",
                    "육아휴직",
                    "창립일 휴무",
                    "노동절 휴무",
                    "워크샵/MT"
                ]
            },
            {
                "head": "보상·수당·지원",
                "body": [
                    "퇴직금",
                    "경조금",
                    "인센티브",
                    "자녀교육비",
                    "사내대출",
                    "차량유류비",
                    "장기근속 포상",
                    "우수사원 포상제도",
                    "가족 의료비 지원",
                    "야간근로수당",
                    "휴일근로수당",
                    "연월차제도수당"
                ]
            },
            {
                "head": "사내제도·성장",
                "body": [
                    "신입 사원 교육"
                ]
            },
            {
                "head": "사내시설",
                "body": [
                    "기숙사 지원",
                    "구내식당",
                    "휴식공간",
                    "헬스시설",
                    "카페테리아",
                    "주차장"
                ]
            },
            {
                "head": "편의·여가·건강",
                "body": [
                    "사내 동호회",
                    "건강검진",
                    "점심 식사 지원",
                    "저녁 식사 지원",
                    "근무복 지원"
                ]
            }
        ]
    },
    "logo": "기가비스.png",
    "majorCategory": [
        "제조·기계·산업"
    ]
}