{
    "companyName": "기흥모터스",
    "headCount": 214,
    "salary": {
        "allAvg": 4611,
        "newcomerAvg": 2243,
        "unit": "만원"
    },
    "category": [
        "백화점",
        "유통",
        "도소매"
    ],
    "employeeRatio": {},
    "totalSales": {
        "value": 89650,
        "unit": "백만원"
    },
    "likes": 342,
    "benefits": {},
    "logo": "기흥모터스.jpg",
    "majorCategory": [
        "유통·소매·물류"
    ]
}