{
    "companyName": "긴트",
    "headCount": 47,
    "salary": {
        "allAvg": 4983,
        "newcomerAvg": null,
        "unit": "만원"
    },
    "category": [
        "자동차",
        "조선",
        "철강",
        "항공"
    ],
    "employeeRatio": {},
    "totalSales": {
        "value": 7690,
        "unit": "백만원"
    },
    "likes": 360,
    "benefits": {},
    "logo": "긴트.jpg",
    "majorCategory": [
        "제조·기계·산업",
        "운송·정비·서비스"
    ]
}