{
    "companyName": "교보문고",
    "headCount": 1397,
    "salary": {
        "allAvg": 4547,
        "newcomerAvg": 2777,
        "unit": "만원"
    },
    "category": [
        "백화점",
        "유통",
        "도소매"
    ],
    "employeeRatio": {},
    "totalSales": {
        "value": 1370,
        "unit": "백만원"
    },
    "likes": 5992,
    "benefits": {},
    "logo": "교보문고.jpg",
    "majorCategory": [
        "유통·소매·물류"
    ]
}