{
    "companyName": "글로텍",
    "headCount": 28,
    "salary": {
        "allAvg": 4705,
        "newcomerAvg": 3267,
        "unit": "만원"
    },
    "category": [
        "솔루션",
        "SI",
        "CRM",
        "ERP"
    ],
    "employeeRatio": {},
    "totalSales": {
        "value": 4000,
        "unit": "백만원"
    },
    "likes": 93,
    "benefits": {},
    "logo": "글로텍.jpg",
    "majorCategory": [
        "IT·디지털 및 소프트웨어"
    ]
}