{
    "companyName": "금솔커뮤니케이션",
    "headCount": 45,
    "salary": {
        "allAvg": 3104,
        "newcomerAvg": 2800,
        "unit": "만원"
    },
    "category": [
        "광고",
        "홍보",
        "전시"
    ],
    "employeeRatio": {},
    "totalSales": {
        "value": 4000,
        "unit": "백만원"
    },
    "likes": 463,
    "benefits": {},
    "logo": "금솔커뮤니케이션.gif",
    "majorCategory": [
        "광고·마케팅 및 전문서비스",
        "미디어·엔터테인먼트·문화"
    ]
}