{
    "companyName": "금성에이스산업",
    "headCount": 150,
    "salary": {
        "allAvg": 4734,
        "newcomerAvg": 3540,
        "unit": "만원"
    },
    "category": [
        "기계",
        "기계설비"
    ],
    "employeeRatio": {},
    "totalSales": {
        "value": 51000,
        "unit": "백만원"
    },
    "likes": 370,
    "benefits": {
        "title": "복리후생",
        "sections": [
            {
                "head": "연금·보험",
                "body": [
                    "국민연금",
                    "고용보험",
                    "산재보험",
                    "건강보험"
                ]
            },
            {
                "head": "휴무·휴가·행사",
                "body": [
                    "주5일제",
                    "연차제도",
                    "경조휴가",
                    "반차제도",
                    "노동절 휴무"
                ]
            },
            {
                "head": "보상·수당·지원",
                "body": [
                    "퇴직금",
                    "경조금",
                    "자녀교육비",
                    "휴일근로수당",
                    "연월차제도수당",
                    "직책수당"
                ]
            },
            {
                "head": "편의·여가·건강",
                "body": [
                    "건강검진",
                    "점심 식사 지원",
                    "저녁 식사 지원",
                    "근무복 지원"
                ]
            }
        ]
    },
    "logo": "금성에이스산업.jpg",
    "majorCategory": [
        "제조·기계·산업"
    ]
}