{
    "companyName": "구글코리아(유)",
    "headCount": 673,
    "salary": {
        "allAvg": 6036,
        "newcomerAvg": 5300,
        "unit": "만원"
    },
    "category": [
        "포털",
        "컨텐츠",
        "커뮤니티"
    ],
    "employeeRatio": {},
    "totalSales": {
        "value": 65270,
        "unit": "백만원"
    },
    "likes": 4953,
    "benefits": {},
    "logo": "구글코리아(유).gif",
    "majorCategory": [
        "인터넷·커뮤니티·포털·디지털 컨텐츠"
    ]
}