{
    "companyName": "글로비트",
    "headCount": 40,
    "salary": {
        "allAvg": 3357,
        "newcomerAvg": 3000,
        "unit": "만원"
    },
    "category": [
        "솔루션",
        "SI",
        "CRM",
        "ERP"
    ],
    "employeeRatio": {},
    "totalSales": {
        "value": 7800,
        "unit": "백만원"
    },
    "likes": 346,
    "benefits": {},
    "logo": "글로비트.png",
    "majorCategory": [
        "IT·디지털 및 소프트웨어"
    ]
}