{
    "companyName": "금호석유화학",
    "headCount": 1580,
    "salary": {
        "allAvg": 9635,
        "newcomerAvg": 4705,
        "unit": "만원"
    },
    "category": [
        "화학",
        "에너지",
        "환경"
    ],
    "employeeRatio": {
        "male": 85,
        "female": 15
    },
    "totalSales": {
        "value": 4096100,
        "unit": "백만원"
    },
    "likes": 5511,
    "benefits": {},
    "logo": "금호석유화학.gif",
    "majorCategory": [
        "제조·기계·산업"
    ]
}