{
    "companyName": "구주제약",
    "headCount": 165,
    "salary": {
        "allAvg": 4597,
        "newcomerAvg": null,
        "unit": "만원"
    },
    "category": [
        "제약",
        "보건",
        "바이오"
    ],
    "employeeRatio": {},
    "totalSales": {
        "value": null,
        "unit": "백만원"
    },
    "likes": 255,
    "benefits": {},
    "logo": "구주제약.JPG",
    "majorCategory": [
        "의료·보건·복지"
    ]
}