{
    "companyName": "그래디언트",
    "headCount": 41,
    "salary": {
        "allAvg": 8300,
        "newcomerAvg": null,
        "unit": "만원"
    },
    "category": [
        "제약",
        "보건",
        "바이오"
    ],
    "employeeRatio": {
        "male": 53,
        "female": 47
    },
    "totalSales": {
        "value": 3584800,
        "unit": "백만원"
    },
    "likes": 322,
    "benefits": {},
    "logo": "그래디언트.png",
    "majorCategory": [
        "의료·보건·복지"
    ]
}