{
    "companyName": "글로벌리서치",
    "headCount": 102,
    "salary": {
        "allAvg": 4280,
        "newcomerAvg": 3000,
        "unit": "만원"
    },
    "category": [
        "컨설팅",
        "연구",
        "조사"
    ],
    "employeeRatio": {},
    "totalSales": {
        "value": 14960,
        "unit": "백만원"
    },
    "likes": 342,
    "benefits": {},
    "logo": "글로벌리서치.png",
    "majorCategory": [
        "교육·연구",
        "광고·마케팅 및 전문서비스"
    ]
}