{
    "companyName": "국제식물검역인증원",
    "headCount": 48,
    "salary": {
        "allAvg": 5205,
        "newcomerAvg": 3258,
        "unit": "만원"
    },
    "category": [
        "공기업",
        "공공기관"
    ],
    "employeeRatio": {},
    "totalSales": {
        "value": 10740,
        "unit": "백만원"
    },
    "likes": 319,
    "benefits": {},
    "logo": "국제식물검역인증원.jpg",
    "majorCategory": [
        "기타·공공"
    ]
}