{
    "companyName": "그린맨파워",
    "headCount": 1000,
    "salary": {
        "allAvg": 2981,
        "newcomerAvg": 2310,
        "unit": "만원"
    },
    "category": [
        "콜센터",
        "아웃소싱",
        "기타"
    ],
    "employeeRatio": {},
    "totalSales": {
        "value": null,
        "unit": "백만원"
    },
    "likes": 331,
    "benefits": {},
    "logo": "그린맨파워.png",
    "majorCategory": [
        "기타·공공",
        "운송·정비·서비스",
        "광고·마케팅 및 전문서비스"
    ]
}