{
    "companyName": "구루앤",
    "headCount": 13,
    "salary": {
        "allAvg": 3897,
        "newcomerAvg": null,
        "unit": "만원"
    },
    "category": [
        "솔루션",
        "SI",
        "CRM",
        "ERP"
    ],
    "employeeRatio": {},
    "totalSales": {
        "value": 4000,
        "unit": "백만원"
    },
    "likes": 12,
    "benefits": {},
    "logo": "구루앤.png",
    "majorCategory": [
        "IT·디지털 및 소프트웨어"
    ]
}