{
    "companyName": "그라비티인터랙티브",
    "headCount": 7,
    "salary": {
        "allAvg": 4693,
        "newcomerAvg": null,
        "unit": "만원"
    },
    "category": [
        "광고",
        "홍보",
        "전시"
    ],
    "employeeRatio": {},
    "totalSales": {
        "value": 1000,
        "unit": "백만원"
    },
    "likes": 128,
    "benefits": {},
    "logo": "그라비티인터랙티브.jpg",
    "majorCategory": [
        "광고·마케팅 및 전문서비스",
        "미디어·엔터테인먼트·문화"
    ]
}