{
    "companyName": "글로벌스탠다드테크놀로지",
    "headCount": 670,
    "salary": {
        "allAvg": 5505,
        "newcomerAvg": 3625,
        "unit": "만원"
    },
    "category": [
        "반도체",
        "디스플레이",
        "광학"
    ],
    "employeeRatio": {
        "male": 87,
        "female": 13
    },
    "totalSales": {
        "value": 60610,
        "unit": "백만원"
    },
    "likes": 2078,
    "benefits": {
        "title": "복리후생",
        "sections": [
            {
                "head": "연금·보험",
                "body": [
                    "국민연금",
                    "고용보험",
                    "산재보험",
                    "건강보험"
                ]
            },
            {
                "head": "휴무·휴가·행사",
                "body": [
                    "주5일제",
                    "연차제도"
                ]
            },
            {
                "head": "보상·수당·지원",
                "body": [
                    "퇴직금",
                    "야간근로수당",
                    "휴일근로수당",
                    "명절선물/명절상여",
                    "각종 기념일 선물"
                ]
            },
            {
                "head": "사내시설",
                "body": [
                    "구내식당"
                ]
            },
            {
                "head": "편의·여가·건강",
                "body": [
                    "저녁 식사 지원",
                    "근무복 지원"
                ]
            }
        ]
    },
    "logo": "글로벌스탠다드테크놀로지.jpg",
    "majorCategory": [
        "제조·기계·산업"
    ]
}