{
    "companyName": "그리드위즈",
    "headCount": 100,
    "salary": {
        "allAvg": 5230,
        "newcomerAvg": null,
        "unit": "만원"
    },
    "category": [
        "전기",
        "전자",
        "제어"
    ],
    "employeeRatio": {},
    "totalSales": {
        "value": 12200,
        "unit": "백만원"
    },
    "likes": 1088,
    "benefits": {},
    "logo": "그리드위즈.jpg",
    "majorCategory": [
        "제조·기계·산업"
    ]
}