{
    "companyName": "굿리치",
    "headCount": null,
    "salary": {
        "allAvg": 3685,
        "newcomerAvg": 3450,
        "unit": "만원"
    },
    "category": [
        "은행",
        "금융"
    ],
    "employeeRatio": {},
    "totalSales": {
        "value": 31100,
        "unit": "백만원"
    },
    "likes": 1993,
    "benefits": {
        "title": "복리후생",
        "sections": [
            {
                "head": "연금·보험",
                "body": [
                    "국민연금",
                    "고용보험",
                    "산재보험",
                    "건강보험"
                ]
            },
            {
                "head": "휴무·휴가·행사",
                "body": [
                    "주5일제",
                    "연차제도",
                    "정기휴가",
                    "경조휴가",
                    "반차제도",
                    "육아휴직",
                    "노동절 휴무",
                    "워크샵/MT"
                ]
            },
            {
                "head": "보상·수당·지원",
                "body": [
                    "퇴직금",
                    "경조금",
                    "장기근속 포상",
                    "우수사원 포상제도",
                    "임직원 교육비",
                    "야간근로수당",
                    "휴가비",
                    "임직원 할인",
                    "복지포인트",
                    "장비 지원"
                ]
            },
            {
                "head": "사내시설",
                "body": [
                    "휴식공간",
                    "카페테리아"
                ]
            },
            {
                "head": "편의·여가·건강",
                "body": [
                    "사내 동호회"
                ]
            },
            {
                "head": "기타",
                "body": [
                    "Offday",
                    "가정의날조기퇴근(월1회)"
                ]
            }
        ]
    },
    "logo": "굿리치.png",
    "majorCategory": [
        "금융·보험"
    ]
}