{
    "companyName": "국민은행",
    "headCount": 15273,
    "salary": {
        "allAvg": 11895,
        "newcomerAvg": 3163,
        "unit": "만원"
    },
    "category": [
        "은행",
        "금융"
    ],
    "employeeRatio": {
        "male": 45,
        "female": 55
    },
    "totalSales": {
        "value": 42000000,
        "unit": "백만원"
    },
    "likes": 1435,
    "benefits": {},
    "logo": "국민은행.jpg",
    "majorCategory": [
        "금융·보험"
    ]
}