{
    "companyName": "국토안전관리원",
    "headCount": 447,
    "salary": {
        "allAvg": 6117,
        "newcomerAvg": 3772,
        "unit": "만원"
    },
    "category": [
        "공기업",
        "공공기관"
    ],
    "employeeRatio": {},
    "totalSales": {
        "value": 23550,
        "unit": "백만원"
    },
    "likes": 1104,
    "benefits": {},
    "logo": "국토안전관리원.png",
    "majorCategory": [
        "기타·공공"
    ]
}