{
    "companyName": "굿모닝아이텍",
    "headCount": 201,
    "salary": {
        "allAvg": 5040,
        "newcomerAvg": null,
        "unit": "만원"
    },
    "category": [
        "솔루션",
        "SI",
        "CRM",
        "ERP"
    ],
    "employeeRatio": {},
    "totalSales": {
        "value": 18200,
        "unit": "백만원"
    },
    "likes": 244,
    "benefits": {},
    "logo": "굿모닝아이텍.gif",
    "majorCategory": [
        "IT·디지털 및 소프트웨어"
    ]
}