{
    "companyName": "그린카",
    "headCount": 151,
    "salary": {
        "allAvg": 4613,
        "newcomerAvg": 3750,
        "unit": "만원"
    },
    "category": [
        "렌탈",
        "임대",
        "리스"
    ],
    "employeeRatio": {},
    "totalSales": {
        "value": 70680,
        "unit": "백만원"
    },
    "likes": 262,
    "benefits": {},
    "logo": "그린카.png",
    "majorCategory": [
        "금융·보험",
        "건설·부동산·인테리어"
    ]
}