{
    "companyName": "금호에이치티",
    "headCount": 476,
    "salary": {
        "allAvg": 5132,
        "newcomerAvg": 3600,
        "unit": "만원"
    },
    "category": [
        "공기업",
        "공공기관"
    ],
    "employeeRatio": {
        "male": 73,
        "female": 27
    },
    "totalSales": {
        "value": 56229,
        "unit": "백만원"
    },
    "likes": 101,
    "benefits": {},
    "logo": "금호에이치티.png",
    "majorCategory": [
        "기타·공공"
    ]
}