{
    "companyName": "구우정보기술",
    "headCount": 40,
    "salary": {
        "allAvg": 3837,
        "newcomerAvg": null,
        "unit": "만원"
    },
    "category": [
        "솔루션",
        "SI",
        "CRM",
        "ERP"
    ],
    "employeeRatio": {},
    "totalSales": {
        "value": 4000,
        "unit": "백만원"
    },
    "likes": 56,
    "benefits": {},
    "logo": "구우정보기술.png",
    "majorCategory": [
        "IT·디지털 및 소프트웨어"
    ]
}