{
    "companyName": "국립암센터",
    "headCount": 1380,
    "salary": {
        "allAvg": 6315,
        "newcomerAvg": 3704,
        "unit": "만원"
    },
    "category": [
        "제약",
        "보건",
        "바이오"
    ],
    "employeeRatio": {},
    "totalSales": {
        "value": 89870,
        "unit": "백만원"
    },
    "likes": 3538,
    "benefits": {},
    "logo": "국립암센터.jpg",
    "majorCategory": [
        "의료·보건·복지"
    ]
}