{
    "companyName": "금용기계",
    "headCount": 236,
    "salary": {
        "allAvg": 5396,
        "newcomerAvg": 4600,
        "unit": "만원"
    },
    "category": [
        "자동차",
        "조선",
        "철강",
        "항공"
    ],
    "employeeRatio": {},
    "totalSales": {
        "value": 36690,
        "unit": "백만원"
    },
    "likes": 135,
    "benefits": {},
    "logo": "금용기계.jpg",
    "majorCategory": [
        "제조·기계·산업",
        "운송·정비·서비스"
    ]
}