{
    "companyName": "그린텍아이엔씨",
    "headCount": 75,
    "salary": {
        "allAvg": 4314,
        "newcomerAvg": 2800,
        "unit": "만원"
    },
    "category": [
        "전기",
        "전자",
        "제어"
    ],
    "employeeRatio": {},
    "totalSales": {
        "value": 35900,
        "unit": "백만원"
    },
    "likes": 281,
    "benefits": {},
    "logo": "그린텍아이엔씨.jpg",
    "majorCategory": [
        "제조·기계·산업"
    ]
}