{
    "companyName": "그로윈",
    "headCount": 48,
    "salary": {
        "allAvg": 4125,
        "newcomerAvg": null,
        "unit": "만원"
    },
    "category": [
        "솔루션",
        "SI",
        "CRM",
        "ERP"
    ],
    "employeeRatio": {},
    "totalSales": {
        "value": 11460,
        "unit": "백만원"
    },
    "likes": 57,
    "benefits": {},
    "logo": "그로윈.jpg",
    "majorCategory": [
        "IT·디지털 및 소프트웨어"
    ]
}