{
    "companyName": "교보생명",
    "headCount": 3737,
    "salary": {
        "allAvg": 10664,
        "newcomerAvg": 3823,
        "unit": "만원"
    },
    "category": [
        "은행",
        "금융"
    ],
    "employeeRatio": {
        "male": 59,
        "female": 41
    },
    "totalSales": {
        "value": 11000000,
        "unit": "백만원"
    },
    "likes": 1698,
    "benefits": {},
    "logo": "교보생명.gif",
    "majorCategory": [
        "금융·보험"
    ]
}