{
    "companyName": "굿프린팅",
    "headCount": 45,
    "salary": {
        "allAvg": 4209,
        "newcomerAvg": null,
        "unit": "만원"
    },
    "category": [
        "출판",
        "인쇄",
        "사진"
    ],
    "employeeRatio": {},
    "totalSales": {
        "value": 16000,
        "unit": "백만원"
    },
    "likes": 94,
    "benefits": {},
    "logo": "굿프린팅.jpg",
    "majorCategory": [
        "제조·기계·산업",
        "미디어·엔터테인먼트·문화"
    ]
}