{
    "companyName": "글로벌텔레콤",
    "headCount": 198,
    "salary": {
        "allAvg": 4542,
        "newcomerAvg": 3200,
        "unit": "만원"
    },
    "category": [
        "컴퓨터",
        "하드웨어",
        "장비"
    ],
    "employeeRatio": {},
    "totalSales": {
        "value": 75780,
        "unit": "백만원"
    },
    "likes": 288,
    "benefits": {},
    "logo": "글로벌텔레콤.jpg",
    "majorCategory": [
        "IT·디지털 및 소프트웨어",
        "제조·기계·산업"
    ]
}