{
    "companyName": "글로벌패시지",
    "headCount": null,
    "salary": {
        "allAvg": 3185,
        "newcomerAvg": null,
        "unit": "만원"
    },
    "category": [
        "호텔",
        "여행",
        "항공"
    ],
    "employeeRatio": {},
    "totalSales": {
        "value": null,
        "unit": "백만원"
    },
    "likes": 110,
    "benefits": {},
    "logo": "글로벌패시지.png",
    "majorCategory": [
        "운송·정비·서비스",
        "숙박·여행·외식·레저"
    ]
}