{
    "companyName": "그랜드호텔",
    "headCount": 104,
    "salary": {
        "allAvg": 3017,
        "newcomerAvg": 2600,
        "unit": "만원"
    },
    "category": [
        "호텔",
        "여행",
        "항공"
    ],
    "employeeRatio": {},
    "totalSales": {
        "value": 39720,
        "unit": "백만원"
    },
    "likes": 581,
    "benefits": {},
    "logo": "그랜드호텔.gif",
    "majorCategory": [
        "운송·정비·서비스",
        "숙박·여행·외식·레저"
    ]
}