{
    "companyName": "구구스",
    "headCount": 208,
    "salary": {
        "allAvg": 3833,
        "newcomerAvg": 2760,
        "unit": "만원"
    },
    "category": [
        "섬유",
        "의류",
        "패션"
    ],
    "employeeRatio": {},
    "totalSales": {
        "value": 58900,
        "unit": "백만원"
    },
    "likes": 476,
    "benefits": {},
    "logo": "구구스.png",
    "majorCategory": [
        "제조·기계·산업",
        "유통·소매·물류"
    ]
}