{
    "companyName": "글로벌모터서비스",
    "headCount": 39,
    "salary": {
        "allAvg": 3857,
        "newcomerAvg": 3000,
        "unit": "만원"
    },
    "category": [
        "자동차",
        "조선",
        "철강",
        "항공"
    ],
    "employeeRatio": {},
    "totalSales": {
        "value": 3379,
        "unit": "백만원"
    },
    "likes": 714,
    "benefits": {
        "title": "복리후생",
        "sections": [
            {
                "head": "연금·보험",
                "body": [
                    "국민연금",
                    "고용보험",
                    "산재보험",
                    "건강보험"
                ]
            },
            {
                "head": "휴무·휴가·행사",
                "body": [
                    "주5일제",
                    "연차제도",
                    "반차제도",
                    "리프레시 휴가",
                    "육아휴직",
                    "남성출산휴가",
                    "워크샵/MT"
                ]
            },
            {
                "head": "보상·수당·지원",
                "body": [
                    "퇴직금",
                    "야간근로수당",
                    "휴일근로수당",
                    "성과급"
                ]
            },
            {
                "head": "사내제도·성장",
                "body": [
                    "신입 사원 교육"
                ]
            },
            {
                "head": "기타",
                "body": [
                    "생일휴가",
                    "외국어 교육 지원",
                    "랜덤회식"
                ]
            }
        ]
    },
    "logo": "글로벌모터서비스.jpg",
    "majorCategory": [
        "제조·기계·산업",
        "운송·정비·서비스"
    ]
}