{
    "companyName": "국제방송교류재단",
    "headCount": 201,
    "salary": {
        "allAvg": 6095,
        "newcomerAvg": 3117,
        "unit": "만원"
    },
    "category": [
        "방송",
        "케이블",
        "프로덕션"
    ],
    "employeeRatio": {},
    "totalSales": {
        "value": 46970,
        "unit": "백만원"
    },
    "likes": 1117,
    "benefits": {},
    "logo": "국제방송교류재단.jpg",
    "majorCategory": [
        "미디어·엔터테인먼트·문화"
    ]
}