{
    "companyName": "국방과학연구소",
    "headCount": 2889,
    "salary": {
        "allAvg": 9463,
        "newcomerAvg": 4400,
        "unit": "만원"
    },
    "category": [
        "공기업",
        "공공기관"
    ],
    "employeeRatio": {},
    "totalSales": {
        "value": null,
        "unit": "백만원"
    },
    "likes": 2546,
    "benefits": {},
    "logo": "국방과학연구소.gif",
    "majorCategory": [
        "기타·공공"
    ]
}