{
    "companyName": "그린조이",
    "headCount": 103,
    "salary": {
        "allAvg": 4032,
        "newcomerAvg": null,
        "unit": "만원"
    },
    "category": [
        "섬유",
        "의류",
        "패션"
    ],
    "employeeRatio": {},
    "totalSales": {
        "value": 27200,
        "unit": "백만원"
    },
    "likes": 279,
    "benefits": {
        "title": "복리후생",
        "sections": [
            {
                "head": "연금·보험",
                "body": [
                    "국민연금",
                    "고용보험",
                    "산재보험",
                    "건강보험",
                    "퇴직연금"
                ]
            },
            {
                "head": "휴무·휴가·행사",
                "body": [
                    "주5일제",
                    "연차제도",
                    "경조휴가",
                    "반차제도",
                    "출산휴가",
                    "육아휴직",
                    "남성출산휴가"
                ]
            },
            {
                "head": "보상·수당·지원",
                "body": [
                    "퇴직금",
                    "경조금",
                    "정기보너스",
                    "임직원 할인"
                ]
            },
            {
                "head": "사내시설",
                "body": [
                    "주차장"
                ]
            },
            {
                "head": "편의·여가·건강",
                "body": [
                    "출퇴근 셔틀버스",
                    "건강검진",
                    "점심 식사 지원"
                ]
            }
        ]
    },
    "logo": "그린조이.JPG",
    "majorCategory": [
        "제조·기계·산업",
        "유통·소매·물류"
    ]
}