{
    "companyName": "글로벌제너레이션",
    "headCount": 20,
    "salary": {
        "allAvg": 4309,
        "newcomerAvg": null,
        "unit": "만원"
    },
    "category": [
        "백화점",
        "유통",
        "도소매"
    ],
    "employeeRatio": {},
    "totalSales": {
        "value": 10800,
        "unit": "백만원"
    },
    "likes": 301,
    "benefits": {},
    "logo": "글로벌제너레이션.jpg",
    "majorCategory": [
        "유통·소매·물류"
    ]
}