{
    "companyName": "교육지대",
    "headCount": 122,
    "salary": {
        "allAvg": 3446,
        "newcomerAvg": 3367,
        "unit": "만원"
    },
    "category": [
        "포털",
        "컨텐츠",
        "커뮤니티"
    ],
    "employeeRatio": {},
    "totalSales": {
        "value": 18800,
        "unit": "백만원"
    },
    "likes": 1710,
    "benefits": {
        "title": "복리후생",
        "sections": [
            {
                "head": "연금·보험",
                "body": [
                    "국민연금",
                    "고용보험",
                    "산재보험",
                    "건강보험"
                ]
            },
            {
                "head": "휴무·휴가·행사",
                "body": [
                    "경조휴가"
                ]
            },
            {
                "head": "보상·수당·지원",
                "body": [
                    "경조금",
                    "자녀교육비",
                    "장기근속 포상",
                    "자기개발 지원"
                ]
            }
        ]
    },
    "logo": "교육지대.jpg",
    "majorCategory": [
        "인터넷·커뮤니티·포털·디지털 컨텐츠"
    ]
}