{
    "companyName": "글로벌엠이엠",
    "headCount": 200,
    "salary": {
        "allAvg": 3897,
        "newcomerAvg": 3100,
        "unit": "만원"
    },
    "category": [
        "생활화학",
        "화장품"
    ],
    "employeeRatio": {},
    "totalSales": {
        "value": 60000,
        "unit": "백만원"
    },
    "likes": 120,
    "benefits": {
        "title": "복리후생",
        "sections": [
            {
                "head": "연금·보험",
                "body": [
                    "국민연금",
                    "고용보험",
                    "산재보험",
                    "건강보험",
                    "퇴직연금"
                ]
            },
            {
                "head": "휴무·휴가·행사",
                "body": [
                    "주5일제",
                    "연차제도",
                    "반차제도",
                    "육아휴직"
                ]
            },
            {
                "head": "보상·수당·지원",
                "body": [
                    "퇴직금",
                    "경조금",
                    "우수사원 포상제도",
                    "야간근로수당",
                    "연월차제도수당",
                    "명절선물/명절상여",
                    "각종 기념일 선물",
                    "임직원 할인"
                ]
            },
            {
                "head": "사내제도·성장",
                "body": [
                    "신입 사원 교육",
                    "직무능력향상교육"
                ]
            },
            {
                "head": "사내시설",
                "body": [
                    "구내식당"
                ]
            },
            {
                "head": "편의·여가·건강",
                "body": [
                    "건강검진",
                    "점심 식사 지원",
                    "저녁 식사 지원",
                    "음료/간식 제공"
                ]
            },
            {
                "head": "기타",
                "body": [
                    "대체공휴일제",
                    "명절 선물 상여금 제공",
                    "자기 개발 교육 지원"
                ]
            }
        ]
    },
    "logo": "글로벌엠이엠.PNG",
    "majorCategory": [
        "제조·기계·산업",
        "유통·소매·물류"
    ]
}