{
    "companyName": "그라비티",
    "headCount": 369,
    "salary": {
        "allAvg": 5355,
        "newcomerAvg": 5420,
        "unit": "만원"
    },
    "category": [
        "게임",
        "애니메이션"
    ],
    "employeeRatio": {},
    "totalSales": {
        "value": 42770,
        "unit": "백만원"
    },
    "likes": 1204,
    "benefits": {
        "title": "복리후생",
        "sections": [
            {
                "head": "연금·보험",
                "body": [
                    "국민연금",
                    "고용보험",
                    "산재보험",
                    "건강보험",
                    "퇴직연금",
                    "상해보험"
                ]
            },
            {
                "head": "휴무·휴가·행사",
                "body": [
                    "주5일제",
                    "연차제도",
                    "경조휴가"
                ]
            },
            {
                "head": "보상·수당·지원",
                "body": [
                    "경조금",
                    "인센티브",
                    "사내대출",
                    "가족 의료비 지원",
                    "임직원 교육비",
                    "자기개발 지원",
                    "야간근로수당",
                    "휴일근로수당",
                    "직책수당",
                    "야간교통비 지급",
                    "도서 구입비 지원",
                    "휴가비"
                ]
            },
            {
                "head": "편의·여가·건강",
                "body": [
                    "출퇴근 셔틀버스",
                    "건강검진"
                ]
            }
        ]
    },
    "logo": "그라비티.jpg",
    "majorCategory": [
        "미디어·엔터테인먼트·문화"
    ]
}