{
    "companyName": "금보개발",
    "headCount": 219,
    "salary": {
        "allAvg": 4415,
        "newcomerAvg": 3602,
        "unit": "만원"
    },
    "category": [
        "호텔",
        "여행",
        "항공"
    ],
    "employeeRatio": {},
    "totalSales": {
        "value": 53310,
        "unit": "백만원"
    },
    "likes": 106,
    "benefits": {},
    "logo": "금보개발.jpg",
    "majorCategory": [
        "운송·정비·서비스",
        "숙박·여행·외식·레저"
    ]
}