{
    "companyName": "국민건강보험공단",
    "headCount": 16149,
    "salary": {
        "allAvg": 6625,
        "newcomerAvg": 2793,
        "unit": "만원"
    },
    "category": [
        "공기업",
        "공공기관"
    ],
    "employeeRatio": {},
    "totalSales": {
        "value": 121000000,
        "unit": "백만원"
    },
    "likes": 12690,
    "benefits": {},
    "logo": "국민건강보험공단.gif",
    "majorCategory": [
        "기타·공공"
    ]
}