{
    "companyName": "그린스토어",
    "headCount": 330,
    "salary": {
        "allAvg": 3829,
        "newcomerAvg": 3003,
        "unit": "만원"
    },
    "category": [
        "제약",
        "보건",
        "바이오"
    ],
    "employeeRatio": {},
    "totalSales": {
        "value": 50100,
        "unit": "백만원"
    },
    "likes": 2110,
    "benefits": {
        "title": "복리후생",
        "sections": [
            {
                "head": "연금·보험",
                "body": [
                    "국민연금",
                    "고용보험",
                    "산재보험",
                    "건강보험",
                    "퇴직연금"
                ]
            },
            {
                "head": "휴무·휴가·행사",
                "body": [
                    "주5일제",
                    "연차제도",
                    "월차제도",
                    "노동절 휴무"
                ]
            },
            {
                "head": "보상·수당·지원",
                "body": [
                    "경조금",
                    "우수사원 포상제도",
                    "임직원 할인"
                ]
            },
            {
                "head": "사내제도·성장",
                "body": [
                    "신입 사원 교육"
                ]
            }
        ]
    },
    "logo": "그린스토어.GIF",
    "majorCategory": [
        "의료·보건·복지"
    ]
}