{
    "companyName": "그린웹서비스",
    "headCount": 631,
    "salary": {
        "allAvg": 4143,
        "newcomerAvg": 2730,
        "unit": "만원"
    },
    "category": [
        "포털",
        "컨텐츠",
        "커뮤니티"
    ],
    "employeeRatio": {},
    "totalSales": {
        "value": 49020,
        "unit": "백만원"
    },
    "likes": 1732,
    "benefits": {},
    "logo": "그린웹서비스.JPG",
    "majorCategory": [
        "인터넷·커뮤니티·포털·디지털 컨텐츠"
    ]
}