{
    "companyName": "극동방송",
    "headCount": 69,
    "salary": {
        "allAvg": 6533,
        "newcomerAvg": null,
        "unit": "만원"
    },
    "category": [
        "방송",
        "케이블",
        "프로덕션"
    ],
    "employeeRatio": {},
    "totalSales": {
        "value": null,
        "unit": "백만원"
    },
    "likes": 124,
    "benefits": {},
    "logo": "극동방송.jpg",
    "majorCategory": [
        "미디어·엔터테인먼트·문화"
    ]
}