{
    "companyName": "극동자동화",
    "headCount": 48,
    "salary": {
        "allAvg": 3948,
        "newcomerAvg": null,
        "unit": "만원"
    },
    "category": [
        "전기",
        "전자",
        "제어"
    ],
    "employeeRatio": {
        "male": 82,
        "female": 18
    },
    "totalSales": {
        "value": 10000,
        "unit": "백만원"
    },
    "likes": 32,
    "benefits": {},
    "logo": "극동자동화.JPG",
    "majorCategory": [
        "제조·기계·산업"
    ]
}