{
    "companyName": "그립",
    "headCount": 40,
    "salary": {
        "allAvg": 5499,
        "newcomerAvg": null,
        "unit": "만원"
    },
    "category": [
        "솔루션",
        "SI",
        "CRM",
        "ERP"
    ],
    "employeeRatio": {},
    "totalSales": {
        "value": 8200,
        "unit": "백만원"
    },
    "likes": 209,
    "benefits": {},
    "logo": "그립.gif",
    "majorCategory": [
        "IT·디지털 및 소프트웨어"
    ]
}