{
    "companyName": "굿센",
    "headCount": 159,
    "salary": {
        "allAvg": 4858,
        "newcomerAvg": null,
        "unit": "만원"
    },
    "category": [
        "솔루션",
        "SI",
        "CRM",
        "ERP"
    ],
    "employeeRatio": {
        "male": 81,
        "female": 19
    },
    "totalSales": {
        "value": 25730,
        "unit": "백만원"
    },
    "likes": 129,
    "benefits": {
        "title": "복리후생",
        "sections": [
            {
                "head": "연금·보험",
                "body": [
                    "국민연금",
                    "고용보험",
                    "산재보험",
                    "건강보험",
                    "퇴직연금"
                ]
            },
            {
                "head": "휴무·휴가·행사",
                "body": [
                    "주5일제",
                    "연차제도",
                    "출산휴가",
                    "육아휴직"
                ]
            },
            {
                "head": "보상·수당·지원",
                "body": [
                    "퇴직금",
                    "경조금",
                    "자녀교육비",
                    "우수사원 포상제도",
                    "임직원 할인"
                ]
            },
            {
                "head": "사내제도·성장",
                "body": [
                    "사이버연수원운영"
                ]
            },
            {
                "head": "사내시설",
                "body": [
                    "휴식공간",
                    "카페테리아",
                    "사내정원"
                ]
            },
            {
                "head": "편의·여가·건강",
                "body": [
                    "저녁 식사 지원",
                    "휴양시설"
                ]
            }
        ]
    },
    "logo": "굿센.png",
    "majorCategory": [
        "IT·디지털 및 소프트웨어"
    ]
}