{
    "companyName": "글로벌네트웍스",
    "headCount": 93,
    "salary": {
        "allAvg": 4564,
        "newcomerAvg": null,
        "unit": "만원"
    },
    "category": [
        "쇼핑몰",
        "오픈마켓",
        "소셜커머스"
    ],
    "employeeRatio": {},
    "totalSales": {
        "value": 10300,
        "unit": "백만원"
    },
    "likes": 227,
    "benefits": {},
    "logo": "글로벌네트웍스.gif",
    "majorCategory": [
        "유통·소매·물류"
    ]
}