{
    "companyName": "금호타이어",
    "headCount": 5571,
    "salary": {
        "allAvg": 7095,
        "newcomerAvg": 4800,
        "unit": "만원"
    },
    "category": [
        "자동차",
        "조선",
        "철강",
        "항공"
    ],
    "employeeRatio": {
        "male": 95,
        "female": 5
    },
    "totalSales": {
        "value": 3018400,
        "unit": "백만원"
    },
    "likes": 3043,
    "benefits": {},
    "logo": "금호타이어.jpg",
    "majorCategory": [
        "제조·기계·산업",
        "운송·정비·서비스"
    ]
}