{
    "companyName": "교세라도큐먼트솔루션스코리아",
    "headCount": 89,
    "salary": {
        "allAvg": 5363,
        "newcomerAvg": null,
        "unit": "만원"
    },
    "category": [
        "백화점",
        "유통",
        "도소매"
    ],
    "employeeRatio": {},
    "totalSales": {
        "value": 51960,
        "unit": "백만원"
    },
    "likes": 321,
    "benefits": {
        "title": "복리후생",
        "sections": [
            {
                "head": "연금·보험",
                "body": [
                    "국민연금",
                    "고용보험",
                    "산재보험",
                    "건강보험",
                    "퇴직연금"
                ]
            },
            {
                "head": "휴무·휴가·행사",
                "body": [
                    "주5일제",
                    "연차제도",
                    "경조휴가",
                    "출산휴가",
                    "육아휴직",
                    "남성출산휴가",
                    "창립일 휴무",
                    "노동절 휴무"
                ]
            },
            {
                "head": "보상·수당·지원",
                "body": [
                    "경조금",
                    "자녀교육비",
                    "장기근속 포상",
                    "우수사원 포상제도",
                    "야간근로수당",
                    "휴일근로수당",
                    "가족수당",
                    "야간교통비 지급",
                    "휴가비",
                    "성과급"
                ]
            },
            {
                "head": "사내시설",
                "body": [
                    "여성전용휴게실"
                ]
            },
            {
                "head": "편의·여가·건강",
                "body": [
                    "점심 식사 지원"
                ]
            }
        ]
    },
    "logo": "교세라도큐먼트솔루션스코리아.gif",
    "majorCategory": [
        "유통·소매·물류"
    ]
}