{
    "companyName": "구영테크",
    "headCount": 364,
    "salary": {
        "allAvg": 5473,
        "newcomerAvg": 4300,
        "unit": "만원"
    },
    "category": [
        "자동차",
        "조선",
        "철강",
        "항공"
    ],
    "employeeRatio": {
        "male": 97,
        "female": 3
    },
    "totalSales": {
        "value": 45140,
        "unit": "백만원"
    },
    "likes": 253,
    "benefits": {
        "title": "복리후생",
        "sections": [
            {
                "head": "휴무·휴가·행사",
                "body": [
                    "연차제도",
                    "경조휴가",
                    "노동절 휴무"
                ]
            },
            {
                "head": "보상·수당·지원",
                "body": [
                    "퇴직금",
                    "경조금",
                    "장기근속 포상"
                ]
            },
            {
                "head": "사내시설",
                "body": [
                    "기숙사 지원",
                    "구내식당"
                ]
            },
            {
                "head": "편의·여가·건강",
                "body": [
                    "출퇴근 셔틀버스",
                    "건강검진",
                    "점심 식사 지원"
                ]
            },
            {
                "head": "기타",
                "body": [
                    "여름휴가"
                ]
            }
        ]
    },
    "logo": "구영테크.jpg",
    "majorCategory": [
        "제조·기계·산업",
        "운송·정비·서비스"
    ]
}