{
    "companyName": "글로우데이즈",
    "headCount": 51,
    "salary": {
        "allAvg": 4487,
        "newcomerAvg": null,
        "unit": "만원"
    },
    "category": [
        "모바일",
        "APP"
    ],
    "employeeRatio": {},
    "totalSales": {
        "value": 5060,
        "unit": "백만원"
    },
    "likes": 483,
    "benefits": {},
    "logo": "글로우데이즈.png",
    "majorCategory": [
        "IT·디지털 및 소프트웨어"
    ]
}