{
    "companyName": "꿈비",
    "headCount": 80,
    "salary": {
        "allAvg": 4107,
        "newcomerAvg": 2700,
        "unit": "만원"
    },
    "category": [
        "쇼핑몰",
        "오픈마켓",
        "소셜커머스"
    ],
    "employeeRatio": {
        "male": 38,
        "female": 62
    },
    "totalSales": {
        "value": 26900,
        "unit": "백만원"
    },
    "likes": 959,
    "benefits": {},
    "logo": "꿈비.jpg",
    "majorCategory": [
        "유통·소매·물류"
    ]
}